name	official_name	alt_names	alpha2	alpha3	numeric	flag	search_tokens
Andorra	Principality of Andorra	Principality of the Valleys of Andorra	AD	AND	020	ğŸ‡¦ğŸ‡©	e v|he|cip|rra|pri|ali|ndo|ty|va|ad|th|y o|s o|all|ley|ys|pal|lit|eys|dor|ity|of|nci|rin|and|f a|an|inc|ipa|orr|the|val|lle|f t
United Arab Emirates		Emirates	AE	ARE	784	ğŸ‡¦ğŸ‡ª	are|ed|uni|ara|ted|ab|mir|em|tes|rat|ate|nit|d a|rab|ira|ite|ar|b e|ae|emi
Afghanistan	Islamic Republic of Afghanistan		AF	AFG	004	ğŸ‡¦ğŸ‡«	sta|gha|fgh|afg|nis|af|ist|han|tan|ani
Antigua and Barbuda			AG	ATG	028	ğŸ‡¦ğŸ‡¬	arb|bud|gua|nti|ba|d b|atg|tig|bar|ag|rbu|nd|a a|and|uda|an|ant|igu|ua
Anguilla		Malliouhana	AI	AIA	660	ğŸ‡¦ğŸ‡®	ill|uil|ai|lla|lio|gui|ngu|ouh|all|mal|ana|ang|han|aia|lli|uha|iou
Albania	Republic of Albania	ShqipÃ«risÃ«	AL	ALB	008	ğŸ‡¦ğŸ‡±	ipe|ban|eri|ris|al|alb|hqi|nia|per|ise|qip|lba|ani|shq
Armenia	Republic of Armenia	Hayastan|Hayastani Hanrapetutâ€™yun	AM	ARM	051	ğŸ‡¦ğŸ‡²	'yu|tut|t'y|ha|nia|rap|eni|yun|rme|arm|nra|ast|pet|anr|ani|i h|yas|ape|hay|aya|han|ut'|am|etu|sta|ni|men|tan
Angola	Republic of Angola		AO	AGO	024	ğŸ‡¦ğŸ‡´	ola|gol|ao|ago|ang|ngo
Antarctica			AQ	ATA	010	ğŸ‡¦ğŸ‡¶	rct|ant|arc|ata|tar|ica|aq|cti|nta|tic
Argentina	Argentine Republic	Republica Argentina|Republic of Argentina	AR	ARG	032	ğŸ‡¦ğŸ‡·	gen|rge|nti|pub|epu|arg|ic|lic|ca|ubl|rep|c o|of|ica|a a|f a|ent|ina|ar|tin|bli
American Samoa		American SÄmoa|Eastern Samoa	AS	ASM	016	ğŸ‡¦ğŸ‡¸	ern|ame|asm|eas|sam|ast|ric|eri|ste|moa|ica|as|sa|an|amo|ter|rn|can|n s|mer
Austria	Republic of Austria	Ã–sterreich|Republik Ã–sterreich	AT	AUT	040	ğŸ‡¦ğŸ‡¹	os|lik|eic|tri|pub|aus|epu|k o|ik|aut|ubl|ste|rep|str|ust|rei|at|ria|ter|rre|ich|ost|bli|err
Australia		Down Under|Aussieland|Nova Hollandia|Stria|Stralia|Straya|New Holland	AU	AUS	036	ğŸ‡¦ğŸ‡º	lan|tra|der|lla|iel|tri|aus|n u|ali|va|w h|nov|ral|und|dia|ndi|new|sie|ho|un|ela|str|ust|ova|nde|aya|dow|lia|and|ria|au|hol|ray|ew|wn|uss|oll|ssi|own|a h
Aruba			AW	ABW	533	ğŸ‡¦ğŸ‡¼	aru|uba|rub|abw|aw
Ã…land Islands		Aland Islands|Ahvenanmaa|Ã…land	AX	ALA	248	ğŸ‡¦ğŸ‡½	lan|is|isl|maa|ax|ahv|ven|nan|ala|anm|sla|ena|d i|and|nma|hve|nd|nds
Azerbaijan	Republic of Azerbaijan	AzÉ™rbaycan	AZ	AZE	031	ğŸ‡¦ğŸ‡¿	zar|rba|bay|erb|arb|az|jan|bai|zer|aij|aza|yca|aze|can|ayc|ija
Bosnia and Herzegovina	Republic of Bosnia and Herzegovina	Bosnia|Bosnia and Hercegovina|Bosnia-Herzegovina	BA	BIH	070	ğŸ‡§ğŸ‡¦	he|ceg|ba|zeg|nia|her|d h|erc|ovi|rce|ia-|bih|gov|ego|nd|osn|sni|vin|a a|and|erz|an|a-h|bos|rze|ia|ina|-he
Barbados		Bimshire 	BB	BRB	052	ğŸ‡§ğŸ‡§	rba|arb|bad|bar|dos|ims|msh|hir|bim|ire|re|brb|ado|bb|shi
Bangladesh	People's Republic of Bangladesh	Bangla	BD	BGD	050	ğŸ‡§ğŸ‡©	ban|bgd|des|lad|bd|esh|ang|gla|ade|ngl
Belgium	Kingdom of Belgium	Belgique|BelgiÃ«	BE	BEL	056	ğŸ‡§ğŸ‡ª	elg|bel|ium|giu|lgi|giq|que|gie|be|iqu
Burkina Faso		Upper Volta	BF	BFA	854	ğŸ‡§ğŸ‡«	lta|na|a f|bur|fa|kin|per|upp|vo|fas|r v|ppe|bfa|er|rki|bf|ina|urk|aso|olt|vol
Bulgaria	Republic of Bulgaria		BG	BGR	100	ğŸ‡§ğŸ‡¬	bgr|bul|bg|lga|ari|gar|ria|ulg
Bahrain	Kingdom of Bahrain	Dawlat al-Bahrain|Mamlakat al-Baá¸¥rayn	BH	BHR	048	ğŸ‡§ğŸ‡­	lat|al-|hra|al|wla|mla|mam|lak|ain|-ba|bh|t a|kat|bhr|rai|aml|aka|at|ray|ahr|awl|l-b|bah|ayn|daw
Burundi	Republic of Burundi	Uburundi	BI	BDI	108	ğŸ‡§ğŸ‡®	bur|uru|und|ubu|bdi|ndi|run|bi
Benin	Republic of Benin	Dahomey	BJ	BEN	204	ğŸ‡§ğŸ‡¯	ben|ome|hom|dah|eni|mey|nin|bj|aho
Saint BarthÃ©lemy		Saint Barthelemy|St. Barthelemy|St. Barths|St. Barts|St. BarthÃ©lemy|St. Barth	BL	BLM	652	ğŸ‡§ğŸ‡±	ba|art|ain|bar|st.|emy|rts|lem|hel|ths|int|nt|t.|ele|bl|sai|. b|rth|the|blm|t b
Bermuda		Virgineola	BM	BMU	060	ğŸ‡§ğŸ‡²	vir|uda|gin|neo|mud|ola|rgi|bmu|ber|irg|bm|eol|ine|rmu|erm
Brunei Darussalam		Nation of Brunei, the Abode of Peace|Brunei	BN	BRN	096	ğŸ‡§ğŸ‡³	ion|br|bod|on|he|ei|i d|ei,|i,|ace|ab|abo|ssa|nei|th|eac|ala|ati|ode|tio|sal|dar|pea|rus|bru|nat|bn|e o|lam|de|une|of|f b|f p|run|aru|da|pe|uss|, t|the|n o|e a|brn
Bolivia	Plurinational State of Bolivia		BO	BOL	068	ğŸ‡§ğŸ‡´	via|oli|bo|bol|liv|ivi
Bonaire, Sint Eustatius and Saba	Bonaire, Sint Eustatius and Saba	Carribean Netherlands|Netherlands Antilles|Caribbean Netherlands|Bonaire, Saint Eustatius and Saba |Dutch Antilles|Bonaire, Saint Eustatius and Saba|Bonaire	BQ	BES	535	ğŸ‡§ğŸ‡¶	lan|utc|erl|ean|t e|n n|nti|her|ba|ain|ill|eus|sab|tat|s a|nds|dut|aba|ne|tch|e,|nai|ona|, s|ati|arr|ibb|h a|air|d s|ds|nd|til|ius|rib|ust|les|int|ire|car|ari|bbe|net|bq|nt|and|sa|rla|bes|an|bon|rri|re,|ant|sta|sai|us|ch|si|ibe|bea|eu|the|lle|tiu|eth|sin
Brazil	Federative Republic of Brazil	Brasil	BR	BRA	076	ğŸ‡§ğŸ‡·	sil|br|asi|ras|zil|bra|azi|raz
Bahamas	Commonwealth of the Bahamas	The Bahamas|Bahama Islands	BS	BHS	044	ğŸ‡§ğŸ‡¸	lan|bhs|he|ba|sla|nds|isl|bs|ma|ham|ama|and|is|e b|bah|aha|the|a i|mas
Bhutan	Kingdom of Bhutan	Druk Yul	BT	BTN	064	ğŸ‡§ğŸ‡¹	hut|k y|dru|ruk|btn|bt|uta|yu|tan|uk|yul|bhu
Bouvet Island			BV	BVT	074	ğŸ‡§ğŸ‡»	uve|ouv|is|isl|bou|lan|et|bvt|t i|sla|bv|vet|and
Botswana	Republic of Botswana		BW	BWA	072	ğŸ‡§ğŸ‡¼	bw|wan|swa|bwa|ots|bot|ana|tsw
Belarus	Republic of Belarus	BielaruÅ›|Byeloruss|Byelorussia|Belorussia|Bielorussia|White Russia	BY	BLR	112	ğŸ‡§ğŸ‡¾	ru|bel|hit|sia|iel|blr|oru|whi|lar|te|rus|ela|elo|lor|e r|bye|aru|by|yel|uss|ite|ssi|bie
Belize		British Honduras	BZ	BLZ	084	ğŸ‡§ğŸ‡¿	bel|ish|ond|bz|liz|rit|ras|ho|sh|ura|tis|h h|bri|ndu|eli|dur|iti|hon|ize|blz
Canada			CA	CAN	124	ğŸ‡¨ğŸ‡¦	ca|nad|ana|ada|can
Cocos (Keeling) Islands		Territory of the Cocos (Keeling) Islands|Keeling Islands|Cocos Islands	CC	CCK	166	ğŸ‡¨ğŸ‡¨	lan|he|os|(ke|) i|coc|cck|sla|ng)|tor|ing|eel|e c|nds|isl|rit|th|y o|co|g)|ry|s (|ory|of|eli|and|ito|is|rri|cc|ter|g i|oco|cos|s i|kee|(k|lin|the|ng|err|f t
Democratic Republic of the Congo		Congo-Kinshasa|DRC|Congo|Zaire|Congo (Kinshasa)|DR Congo	CD	COD	180	ğŸ‡¨ğŸ‡©	o-k|go|he|cod|moc|pub|tic|dem|c r|e c|asa|epu|emo|rat|ic|lic|th|ati|ong|cra|dr|air|sa)|-ki|co|o (|ubl|rep|ins|c o|sha|kin|of|ire|r c|re|has|(ki|ngo|ocr|drc|nsh|con|zai|bli|the|go-|(k|cd|f t
Central African Republic		Central Africa	CF	CAF	140	ğŸ‡¨ğŸ‡«	tra|afr|fri|al|cen|n r|pub|epu|lic|l a|af|ral|cf|ric|ntr|ubl|rep|ica|re|caf|an|ent|bli|can
Republic of the Congo	Republic of the Congo	Congo Republic|Congo|Congo (Brazzaville)|Congo-Brazzaville	CG	COG	178	ğŸ‡¨ğŸ‡¬	zav|go|he|pub|ill|(br|-br|e c|epu|ic|lic|th|vil|ong|le)|co|o (|ubl|rep|(b|c o|of|zza|re|avi|ngo|cog|o r|o-b|cg|con|bli|the|lle|go-|bra|azz|f t|raz
Switzerland	Swiss Confederation	Schweiz|Suisse|Svizzera|Swiss|Svizra	CH	CHE	756	ğŸ‡¨ğŸ‡­	lan|zra|erl|hwe|sui|eiz|tze|zer|sch|wis|swi|itz|zze|chw|sse|viz|uis|era|and|rla|wei|wit|iss|izr|izz|che|svi|ch
CÃ´te d'Ivoire	Republic of CÃ´te d'Ivoire	CÃ´te-d'Ivoire|Cote d'Ivoire|Ivory Coast|Cote d'lvoire|Cote-d'Ivoire	CI	CIV	384	ğŸ‡¨ğŸ‡®	te-|civ|d'|oas|e-d|lvo|e d|vor|te|ivo|coa|ast|co|ry|ory|ote|ci|-d'|d'l|'iv|cot|ire|voi|y c|oir|d'i|'lv
Cook Islands		Hervey Islands|Cook Group	CK	COK	184	ğŸ‡¨ğŸ‡°	lan|k i|gr|rou|her|sla|rve|oup|nds|isl|vey|coo|ook|ok|erv|and|y i|cok|is|ck|gro|ey|k g
Chile	Republic of Chile		CL	CHL	152	ğŸ‡¨ğŸ‡±	hil|ile|cl|chi|chl
Cameroon	Republic of Cameroon		CM	CMR	120	ğŸ‡¨ğŸ‡²	ame|cam|oon|cm|roo|mer|ero|cmr
China	People's Republic of China	ZhÅngguÃ³|Zhongguo	CN	CHN	156	ğŸ‡¨ğŸ‡³	cn|ggu|chn|hon|ngg|ina|ong|guo|hin|zho|chi
Colombia	Republic of Colombia	ColombiÃ¡	CO	COL	170	ğŸ‡¨ğŸ‡´	col|mbi|lom|olo|co|omb|bia
Costa Rica	Republic of Costa Rica		CR	CRI	188	ğŸ‡¨ğŸ‡·	sta|ta|ri|cos|ica|a r|ost|cr|ric|cri
Cuba	Republic of Cuba		CU	CUB	192	ğŸ‡¨ğŸ‡º	cub|uba|cu
Cabo Verde	Republic of Cabo Verde	Cape Verde	CV	CPV	132	ğŸ‡¨ğŸ‡»	e v|pe|abo|cv|bo|cap|ape|ver|erd|cpv|o v|rde|cab|ve
CuraÃ§ao	CuraÃ§ao	Curocao|CuraÏ‚ao|Curacao|Curazao|CuraÃ§oa|KÃ²rsou|Curacau	CW	CUW	531	ğŸ‡¨ğŸ‡¼	kor|sou|uro|sao|asa|cao|ras|cur|coa|zao|ura|rac|ors|roc|cw|cuw|rso|oca|cau|aca|aza|aco|raz
Christmas Island			CX	CXR	162	ğŸ‡¨ğŸ‡½	is|isl|lan|ris|cx|hri|mas|s i|sla|tma|ist|and|as|stm|cxr|chr
Cyprus	Republic of Cyprus	Greek Cypriot State	CY	CYP	196	ğŸ‡¨ğŸ‡¾	pru|cy|ree|eek|pri|tat|gre|ate|ek|rio|ot|rus|iot|ypr|cyp|st|sta|t s|k c
Czechia	Czech Republic		CZ	CZE	203	ğŸ‡¨ğŸ‡¿	cz|ech|hia|cze|zec|chi
Germany	Federal Republic of Germany	Deutschland	DE	DEU	276	ğŸ‡©ğŸ‡ª	deu|lan|any|rma|eut|de|sch|hla|tsc|ger|man|and|chl|uts|erm
Djibouti	Republic of Djibouti	Gabuuti|Jabuuti|JÄ«bÅ«tÄ«	DJ	DJI	262	ğŸ‡©ğŸ‡¯	uti|abu|jab|bou|buu|ibu|dj|gab|uut|jib|ibo|but|out|dji
Denmark	Kingdom of Denmark	Danmark	DK	DNK	208	ğŸ‡©ğŸ‡°	mar|dnk|ark|dan|anm|dk|enm|nma|den
Dominica	Commonwealth of Dominica	Waiâ€˜tu kubuli|Wai'tu kubuli	DM	DMA	212	ğŸ‡©ğŸ‡²	u k|omi|ini|ai'|ku|wai|min|dm|ica|tu|ubu|i't|uli|dom|bul|kub|dma|'tu|nic
Dominican Republic		Dominicana	DO	DOM	214	ğŸ‡©ğŸ‡´	ubl|min|rep|epu|omi|n r|ini|lic|dom|ica|re|bli|ana|pub|can|do|nic|an
Algeria	People's Democratic Republic of Algeria		DZ	DZA	012	ğŸ‡©ğŸ‡¿	lge|dza|ria|ger|alg|dz|eri
Ecuador	Republic of Ecuador		EC	ECU	218	ğŸ‡ªğŸ‡¨	uad|cua|dor|ecu|ec|ado
Estonia	Republic of Estonia	Eesti Vabariik|Estland	EE	EST	233	ğŸ‡ªğŸ‡ª	lan|i v|iik|stl|nia|est|ti|sto|oni|va|aba|bar|ee|sti|ton|vab|ari|and|ees|tla|rii
Egypt	Arab Republic of Egypt	Misr	EG	EGY	818	ğŸ‡ªğŸ‡¬	isr|egy|gyp|ypt|eg|mis
Western Sahara			EH	ESH	732	ğŸ‡ªğŸ‡­	ern|ste|ter|wes|rn|har|eh|esh|sah|est|aha|sa|n s|ara
Eritrea	the State of Eritrea	ErtrÄ|IritriyÄ	ER	ERI	232	ğŸ‡ªğŸ‡·	rit|tra|tre|iri|riy|er|ert|itr|tri|rea|rtr|iya|eri
Spain	Kingdom of Spain	Hispania	ES	ESP	724	ğŸ‡ªğŸ‡¸	spa|pan|esp|nia|his|ain|isp|es|pai|ani
Ethiopia	Federal Democratic Republic of Ethiopia	Abyssinia	ET	ETH	231	ğŸ‡ªğŸ‡¹	yss|hio|iop|thi|ini|et|opi|pia|ssi|nia|bys|eth|aby|sin
Finland	Republic of Finland	Land of a Thousand Lakes|Suomi|Suomen tasavalta|Finnia	FI	FIN	246	ğŸ‡«ğŸ‡®	lan|a t|lta|nni|omi|alt|sav|lak|d o|ous|a|nia|la|tas|nla|tho|asa|inl|usa|th|ake|en|fi|nd|kes|d l|n t|ta|of|suo|and|ava|f a|uom|inn|san|ome|val|men|hou|fin
Fiji	Republic of Fiji	FijÄ« Gaá¹‡arÄjya|FijÄ«|Matanitu Tugalala o Viti	FJ	FJI	242	ğŸ‡«ğŸ‡¯	itu|ata|jya|la|fji|ara|ajy|uga|fij|lal|ala|ana|o v|iji|nit|ga|ani|fj|vi|u t|raj|a o|tu|vit|tug|i g|iti|gan|nar|gal|ji|tan|mat|o
Falkland Islands	Falkland Islands (Malvinas)	Falklands|Islas Malvinas|Malvinas Islands	FK	FLK	238	ğŸ‡«ğŸ‡°	lan|lkl|sla|d i|nds|fal|isl|ma|las|alv|nd|vin|fk|flk|and|as|kla|lvi|is|alk|nas|s m|ina|s i|mal
Micronesia	Federated States of Micronesia		FM	FSM	583	ğŸ‡«ğŸ‡²	fsm|fm|sia|esi|mic|one|cro|icr|nes|ron
Faroe Islands		Faroes|Faer Oer|Sheep Islands	FO	FRO	234	ğŸ‡«ğŸ‡´	lan|fae|hee|sla|roe|oes|nds|isl|p i|fro|she|ep|aer|eep|far|e i|r o|and|oer|is|er|aro|oe|fo
France	French Republic		FR	FRA	250	ğŸ‡«ğŸ‡·	nce|fra|fr|anc|ran
Gabon	Gabonese Republic	Gabonaise	GA	GAB	266	ğŸ‡¬ğŸ‡¦	bon|ais|abo|gab|ona|nai|ise|ga
United Kingdom	United Kingdom of Great Britain and Northern Ireland	Northern Ireland|Wales|UK|Britain|Great Britain|England|Scotland	GB	GBR	826	ğŸ‡¬ğŸ‡§	ern|lan|br|n i|ed|her|ort|gbr|ngd|ing|ain|rea|uni|gb|eat|gre|uk|ted|rel|rit|eng|gdo|ki|wal|nit|sco|ela|kin|les|bri|ngl|ire|cot|nor|d k|and|at|otl|ir|dom|rn|ite|tai|rth|ale|tla|the|gla|ita|t b
Grenada			GD	GRD	308	ğŸ‡¬ğŸ‡©	gd|nad|grd|ada|ren|ena|gre
Georgia		Georgia (country)	GE	GEO	268	ğŸ‡¬ğŸ‡ª	eor|ntr|cou|org|geo|rgi|ia|ry)|oun|(co|try|ge|unt|a (|(c|gia
French Guiana		Guyane	GF	GUF	254	ğŸ‡¬ğŸ‡«	yan|nch|enc|guf|fre|ian|uya|gui|guy|gu|ana|ch|h g|ren|ane|gf|uia
Guernsey		Bailiwick of Guernsey	GG	GGY	831	ğŸ‡¬ğŸ‡¬	ern|nse|rns|gu|wic|f g|ili|bai|k o|liw|gg|ick|sey|of|ail|ck|uer|gue|ggy|iwi
Ghana	Republic of Ghana		GH	GHA	288	ğŸ‡¬ğŸ‡­	gh|han|ana|gha
Gibraltar			GI	GIB	292	ğŸ‡¬ğŸ‡®	lta|alt|gib|tar|ral|gi|bra|ibr
Greenland		Groenland|Greenlandia|Kalaallit Nunaat	GL	GRL	304	ğŸ‡¬ğŸ‡±	lan|nun|ree|enl|roe|naa|aal|nla|lli|gre|ala|all|t n|dia|lit|gl|grl|oen|een|and|kal|gro|aat|it|una|laa|ndi|nu
Gambia	Republic of the Gambia	The Gambia	GM	GMB	270	ğŸ‡¬ğŸ‡²	gm|he|mbi|e g|the|gam|gmb|amb|ga|bia
Guinea	Republic of Guinea	Guinea-Conakry	GN	GIN	324	ğŸ‡¬ğŸ‡³	-co|gn|ea-|akr|gin|ona|nak|con|gui|uin|kry|a-c|ine|nea
Guadeloupe		Karukera|Gwada|Gwadloup	GP	GLP	312	ğŸ‡¬ğŸ‡µ	ker|gua|gp|dlo|oup|ade|kar|glp|wad|ada|gwa|elo|adl|era|lou|aru|uad|ruk|uke|upe|del
Equatorial Guinea	Republic of Equatorial Guinea		GQ	GNQ	226	ğŸ‡¬ğŸ‡¶	gq|uat|l g|al|gui|uin|equ|ori|ial|tor|ato|gu|gnq|ine|ria|qua|nea
Greece	Hellenic Republic	Ellada|Hellas	GR	GRC	300	ğŸ‡¬ğŸ‡·	ece|gr|eec|hel|lla|ree|las|lad|grc|ada|ell|gre
South Georgia and the South Sandwich Islands			GS	SGS	239	ğŸ‡¬ğŸ‡¸	eor|lan|sgs|org|he|gs|uth|geo|rgi|h i|sla|dwi|h g|wic|nds|isl|th|ge|out|nd|so|e s|a a|ndw|h s|and|sa|an|is|san|ia|gia|ich|the|ch|d t|sou
Guatemala	Republic of Guatemala		GT	GTM	320	ğŸ‡¬ğŸ‡¹	ema|uat|gt|gua|ate|ala|gtm|mal|tem
Guam		GuÃ¥han|GuÃ¥hÃ¥n|Guahan	GU	GUM	316	ğŸ‡¬ğŸ‡º	uam|gua|gum|uah|gu|aha|han
Guinea-Bissau	Republic of Guinea-Bissau		GW	GNB	624	ğŸ‡¬ğŸ‡¼	iss|ea-|ssa|-bi|sau|gui|uin|gnb|a-b|gw|bis|ine|nea
Guyana	Republic of Guyana	British Guiana	GY	GUY	328	ğŸ‡¬ğŸ‡¾	yan|rit|tis|iti|bri|uya|ish|gui|ian|guy|ana|gu|gy|h g|sh|uia
Hong Kong	Hong Kong Special Administrative Region of China	HKSAR	HK	HKG	344	ğŸ‡­ğŸ‡°	kon|hks|hon|hkg|g k|sar|ong|ko|ksa|ng|hk
Heard Island and McDonald Islands			HM	HMD	334	ğŸ‡­ğŸ‡²	lan|don|mc|sla|ard|d i|nds|isl|hea|ona|d m|nal|cdo|ear|ald|nd|rd|d a|ld|and|an|is|hm|mcd|hmd
Honduras	Republic of Honduras		HN	HND	340	ğŸ‡­ğŸ‡³	hn|hon|hnd|ras|ond|ndu|dur|ura
Croatia	Republic of Croatia		HR	HRV	191	ğŸ‡­ğŸ‡·	hr|ati|hrv|tia|oat|cro|roa
Haiti	Republic of Haiti	Ayiti	HT	HTI	332	ğŸ‡­ğŸ‡¹	ht|iti|hti|hai|yit|ait|ayi
Hungary	Hungary	MagyarorszÃ¡g	HU	HUN	348	ğŸ‡­ğŸ‡º	hu|ror|ors|nga|yar|ung|zag|ary|gya|aro|sza|agy|gar|mag|hun|rsz
Indonesia	Republic of Indonesia	East Indies	ID	IDN	360	ğŸ‡®ğŸ‡©	st|don|ies|idn|eas|id|sia|ind|die|t i|esi|ast|one|nes|ndi|in|ndo
Ireland		Ã‰ire|Hibernia	IE	IRL	372	ğŸ‡®ğŸ‡ª	ern|lan|rel|ie|ela|hib|ber|ibe|eir|ire|rni|nia|irl|and
Israel	State of Israel		IL	ISR	376	ğŸ‡®ğŸ‡±	isr|ael|rae|il|sra
Isle of Man		Mann|I. Mannin|Manx|Isle of Mann|I. Man|I. Mann|I. M.|the Isle of Man	IM	IMN	833	ğŸ‡®ğŸ‡²	i.|nni|he|sle|nin|f m|isl|ma|imn|le|anx|m.|man|ann|e o|of|e i|. m|is|im|the
India	Republic of India	Hindustan|Bharat Ganarajya|Bharatvarsh|Hindoostan|Indostan|Bharata|Bharat	IN	IND	356	ğŸ‡®ğŸ‡³	tva|ata|hin|jya|ara|in|ndo|ajy|rat|dia|ana|ga|bha|raj|ust|oos|rsh|ind|dus|ndu|atv|var|at|doo|sta|dos|har|gan|nar|ars|ost|ndi|tan|t g
British Indian Ocean Territory			IO	IOT	086	ğŸ‡®ğŸ‡´	ish|ean|h i|io|tor|in|oce|rit|oc|te|dia|err|sh|tis|ory|n t|bri|ian|iot|ind|an|ito|rri|iti|ter|n o|cea|ndi
Iraq	Republic of Iraq	Mesopotamia	IQ	IRQ	368	ğŸ‡®ğŸ‡¶	mes|opo|eso|ira|tam|pot|ami|sop|raq|irq|mia|ota|iq
Iran	Islamic Republic of Iran	Persia	IR	IRN	364	ğŸ‡®ğŸ‡·	ira|ir|rsi|sia|ers|per|irn|ran
Iceland	Republic of Iceland	Ysland|Ãsland	IS	ISL	352	ğŸ‡®ğŸ‡¸	lan|isl|is|ela|cel|sla|ysl|and|ice
Italy	Italian Republic	Italia	IT	ITA	380	ğŸ‡®ğŸ‡¹	aly|it|lia|tal|ali|ita
Jersey		Jerri|Iersey|JÃ¨rri	JE	JEY	832	ğŸ‡¯ğŸ‡ª	je|rri|jey|sey|jer|ers|ier|err|rse
Jamaica			JM	JAM	388	ğŸ‡¯ğŸ‡²	aic|jm|mai|jam|ama|ica
Jordan	Hashemite Kingdom of Jordan	Yarden|Giordania	JO	JOR	400	ğŸ‡¯ğŸ‡´	rda|yar|gio|ior|dan|nia|jor|jo|rde|ard|den|ani|ord
Japan		Land of the Rising Sun|Nihon|Nippon-koku|Nippon|Nihon-koku	JP	JPN	392	ğŸ‡¯ğŸ‡µ	lan|pan|he|nip|d o|pon|on-|jpn|ing|kok|isi|jp|th|iho|ipp|nd|jap|ris|ri|of|apa|n-k|ppo|and|g s|e r|oku|hon|-ko|f t|su|the|ng|nih|sin|sun
Kenya	Republic of Kenya		KE	KEN	404	ğŸ‡°ğŸ‡ª	nya|ken|ke|eny
Kyrgyzstan	Kyrgyz Republic	Kyrgyz|Kirghizia	KG	KGZ	417	ğŸ‡°ğŸ‡¬	rgy|zst|sta|yrg|irg|gyz|izi|zia|kg|kyr|kir|rgh|hiz|kgz|yzs|tan|ghi
Cambodia	Kingdom of Cambodia	Camboya|Kambodzha|Campuchia|Kamboja|Kampuchea	KH	KHM	116	ğŸ‡°ğŸ‡­	bod|boj|cam|hia|odz|kh|puc|hea|khm|dia|mpu|amb|chi|kam|odi|amp|oya|uch|dzh|mbo|oja|boy|zha|che
Kiribati	Republic of Kiribati		KI	KIR	296	ğŸ‡°ğŸ‡®	iba|rib|bat|iri|ki|ati|kir
Comoros	Union of the Comoros	al-Ittiá¸¥Äd al-QumurÄ«|Waku-Moria|Udzima wa Komori|Juzur al-Qamar|Juzur al-Qumur	KM	COM	174	ğŸ‡°ğŸ‡²	al-|l-i|ku-|al|dzi|r a|oro|l-q|a w|ma|mar|wa|km|ad|ama|-it|ori|com|udz|-qu|uri|qam|a k|tih|umu|uzu|wak|zim|mor|d a|itt|-mo|tti|qum|iha|u-m|ria|ima|had|omo|juz|ros|kom|zur|mur|ko|ur|-qa|aku
Saint Kitts and Nevis		Saint Christopher and Nevis|Kitts & Nevis	KN	KNA	659	ğŸ‡°ğŸ‡³	&|her|tts|r a|kn|ist|ain|sto|s a|ne|ki|ts|phe|vis|top|kit|oph|nd|chr|s &|ris|t k|hri|int|itt|nev|nt|and|an|kna|sai|er|t c|d n|ch|evi|& n
North Korea	Democratic People's Republic of Korea	ChosÅn|Joseon|DPRK	KP	PRK	408	ğŸ‡°ğŸ‡µ	jos|kor|ort|kp|cho|rea|seo|th|hos|oso|prk|ose|h k|dpr|nor|eon|ore|rth|ko|son
South Korea	Republic of Korea	Choson|Daehan Minguk|Daehanminguk|Hanguk	KR	KOR	410	ğŸ‡°ğŸ‡·	nmi|uth|kor|cho|rea|ing|guk|th|hos|aeh|n m|out|dae|oso|kr|mi|h k|min|ore|han|an|ngu|anm|son|ko|eha|ang|sou
Kuwait	State of Kuwait		KW	KWT	414	ğŸ‡°ğŸ‡¼	wai|kuw|uwa|kw|ait|kwt
Cayman Islands		Caymans	KY	CYM	136	ğŸ‡°ğŸ‡¾	is|isl|lan|ky|cym|n i|yma|man|sla|ans|and|cay|aym|an|nds
Kazakhstan	Republic of Kazakhstan	Qazaqstan	KZ	KAZ	398	ğŸ‡°ğŸ‡¿	qaz|kz|khs|sta|kaz|aza|hst|akh|zaq|aqs|tan|qst|zak
Laos	Lao People's Democratic Republic	LPDR	LA	LAO	418	ğŸ‡±ğŸ‡¦	pdr|lpd|la|lao|aos
Lebanon	Lebanese Republic	Lubnan	LB	LBN	422	ğŸ‡±ğŸ‡§	ubn|ban|lbn|eba|nan|non|lub|ano|bna|leb|lb
Saint Lucia		Iyonola|Hewanorra	LC	LCA	662	ğŸ‡±ğŸ‡¨	ewa|rra|ain|ono|wan|uci|luc|ano|lu|cia|nol|int|iyo|nor|nt|sai|ola|hew|orr|lc|yon|lca|t l
Liechtenstein	Principality of Liechtenstein		LI	LIE	438	ğŸ‡±ğŸ‡®	ste|tei|ten|iec|ech|li|hte|ens|lie|nst|ein|cht
Sri Lanka	Democratic Socialist Republic of Sri Lanka	Serendib|Ceylon	LK	LKA	144	ğŸ‡±ğŸ‡°	lan|lon|eyl|la|ere|ser|end|dib|lk|ri|lka|nka|i l|sri|cey|ylo|ank|ndi|ren
Liberia	Republic of Liberia		LR	LBR	430	ğŸ‡±ğŸ‡·	lr|ber|ibe|lbr|ria|eri|lib
Lesotho	Kingdom of Lesotho	The Mountain Kingdom	LS	LSO	426	ğŸ‡±ğŸ‡¸	he|oth|ain|ing|ngd|in|tho|gdo|ki|mo|oun|ls|sot|eso|e m|kin|les|lso|nta|n k|dom|tai|the|unt|mou
Lithuania	Republic of Lithuania	Lietuva	LT	LTU	440	ğŸ‡±ğŸ‡¹	tuv|etu|iet|lt|ith|nia|hua|ani|lie|ltu|uva|lit|thu|uan
Luxembourg	Grand Duchy of Luxembourg	Luxemburg	LU	LUX	442	ğŸ‡±ğŸ‡º	lu|mbo|lux|uxe|bou|bur|urg|mbu|emb|our|xem
Latvia	Republic of Latvia	Latveja|LeÅ£mĞ¾Ì„ VabÄmĞ¾Ì„|Latvija|LeÅ£mĞ¾Ì„	LV	LVA	428	ğŸ‡±ğŸ‡»	lat|etm|tvi|lv|ija|let|vej|lva|via|va|aba|mo|tmo|vij|vab|atv|amo|eja|bam|tve|v|o
Libya	Libya	Libyan Arab Jamahiriya	LY	LBY	434	ğŸ‡±ğŸ‡¾	bya|iri|hir|mah|ja|lib|ara|ab|ly|ama|iby|riy|lby|n a|rab|an|yan|jam|b j|ahi|ar|iya
Morocco	Kingdom of Morocco	LmaÄ¡rib|Maroc|al-MaÄ¡rib|Marocco	MA	MAR	504	ğŸ‡²ğŸ‡¦	rib|al-|mar|ma|agr|l-m|roc|lma|mor|aro|-ma|occ|oro|gri|mag|cco
Monaco	Principality of Monaco	MÃ¹negu	MC	MCO	492	ğŸ‡²ğŸ‡¨	mco|egu|mon|mc|nac|ona|une|aco|neg|mun
Moldova	Republic of Moldova	Moldavia	MD	MDA	498	ğŸ‡²ğŸ‡©	via|mda|ova|dov|ldo|old|md|avi|lda|mol|dav
Montenegro	Montenegro	Crna Gora	ME	MNE	499	ğŸ‡²ğŸ‡ª	crn|egr|ten|na|a g|mon|gro|ont|go|nte|gor|ora|ene|mne|neg|rna|me
Saint-Martin	Collectivity of Saint Martin	Saint Martin (France)|St Martin|St. Martin|St. Martin (French part)|CollectivitÃ© de Saint-Martin|Saint Martin|Saint Martin (French part)	MF	MAF	663	ğŸ‡²ğŸ‡«	t-m|rti|fre|maf|art|rt)|ect|ain|(f|in|nce|e d|mar|ma|te|st.|anc|cti|tiv|fra|nch|enc|de|col|n (|int|ce)|lec|e s|ivi|nt|vit|sa|ran|mf|h p|t.|st|. m|par|sai|oll|ite|-ma|tin|t m|lle|ch|nt-|ren|pa|(fr
Madagascar	Republic of Madagascar	Malagascar|Malagasy Republic|Malagaskar	MG	MDG	450	ğŸ‡²ğŸ‡¬	asc|mad|pub|aga|epu|kar|mdg|ask|lic|ala|ada|ska|gas|sy|mg|ubl|dag|rep|car|re|lag|sca|asy|mal|bli|y r
Marshall Islands	Republic of the Marshall Islands		MH	MHL	584	ğŸ‡²ğŸ‡­	is|l i|isl|mar|ll|lan|sha|rsh|all|ars|hal|sla|mhl|and|mh|nds
North Macedonia	Republic of North Macedonia	Macedonia	MK	MKD	807	ğŸ‡²ğŸ‡°	don|ma|h m|th|oni|nia|ort|rth|nor|mkd|edo|mk|mac|ced|ace
Mali	Republic of Mali	French Sudan	ML	MLI	466	ğŸ‡²ğŸ‡±	nch|enc|ml|fre|dan|su|mal|h s|sud|ch|mli|ren|ali|uda
Myanmar	Republic of Myanmar	Burma	MM	MMR	104	ğŸ‡²ğŸ‡²	yan|mar|bur|rma|anm|urm|mya|nma|mm|mmr
Mongolia		Outer Mongolia|Mongol State	MN	MNG	496	ğŸ‡²ğŸ‡³	mng|tat|l s|mon|mo|ol|ate|ong|out|ute|gol|lia|ngo|mn|st|sta|er|oli|ter|r m
Macao	Macao Special Administrative Region of China	Macao SAR|Macau SAR|Macau|Aomen	MO	MAC	446	ğŸ‡²ğŸ‡´	u s|cao|aca|ao|sar|cau|ome|mo|o s|men|sa|mac|aom|au
Northern Mariana Islands	Commonwealth of the Northern Mariana Islands	Northern Marianas	MP	MNP	580	ğŸ‡²ğŸ‡µ	ern|lan|mnp|na|her|ort|sla|nds|isl|ma|mar|n m|ana|ian|nor|ari|and|ria|is|nas|rn|rth|the|a i|mp
Martinique		Martinica|Madinina|Iguanacaera|JouanacaÃ«ra|Madiana|IoÃ¼nacaÃ«ra|Maritiniki|Matinino	MQ	MTQ	474	ğŸ‡²ğŸ‡¶	rti|mad|ini|gua|mat|art|ino|nin|din|rit|mar|jou|oun|ati|ana|dia|aer|niq|ian|ica|era|nik|que|ari|adi|uan|mtq|mq|igu|iti|aca|nac|ina|cae|tin|oua|una|iki|nic|iqu|iou
Mauritania	Islamic Republic of Mauritania	GÃ nnaar|Gannaar|Murutaane|Agawej|Mauretania|Moritani|Muritanya	MR	MRT	478	ğŸ‡²ğŸ‡·	nya|wej|nia|uru|uta|rut|naa|aan|any|rit|aga|ori|awe|ann|gaw|eta|mrt|uri|aur|ane|ani|taa|nna|ret|mor|mau|ure|aar|gan|mur|mr|tan|ita
Montserrat			MS	MSR	500	ğŸ‡²ğŸ‡¸	mon|ser|ont|rat|msr|ms|nts|rra|tse|err
Malta	Republic of Malta		MT	MLT	470	ğŸ‡²ğŸ‡¹	lta|alt|mlt|mal|mt
Mauritius	Republic of Mauritius	Moris|Maurice	MU	MUS	480	ğŸ‡²ğŸ‡º	ius|rit|iti|ris|ori|mor|mu|mus|mau|tiu|uri|aur|ric|ice
Maldives	Republic of Maldives	Maldive Islands	MV	MDV	462	ğŸ‡²ğŸ‡»	ve|is|isl|lan|ive|nds|mv|e i|div|sla|mal|mdv|ald|and|ldi|ves
Malawi	Republic of Malawi	Nyasaland	MW	MWI	454	ğŸ‡²ğŸ‡¼	lan|nya|yas|mw|law|ala|mal|awi|sal|and|mwi|asa
Mexico	United Mexican States	Estados Unidos Mexicanos	MX	MEX	484	ğŸ‡²ğŸ‡½	mx|os|est|exi|uni|xic|ico|ano|un|me|nid|ica|mex|ado|sta|dos|s u|s m|tad|can|nos|ido
Malaysia			MY	MYS	458	ğŸ‡²ğŸ‡¾	my|ays|ysi|mys|sia|ala|mal|lay
Mozambique	Republic of Mozambique	MoÃ§ambique	MZ	MOZ	508	ğŸ‡²ğŸ‡¿	oca|zam|biq|mz|oza|moc|cam|iqu|mbi|que|amb|moz
Namibia	Republic of Namibia	South West Africa	NA	NAM	516	ğŸ‡³ğŸ‡¦	na|nam|afr|fri|uth|est|t a|h w|th|af|out|ric|wes|mib|ica|we|st|ami|ibi|bia|sou
New Caledonia		Kanaky|Nouvelle-CalÃ©donie	NC	NCL	540	ğŸ‡³ğŸ‡¨	led|don|nak|nia|edo|aky|ell|oni|w c|ouv|nc|le-|cal|ca|ana|nou|new|vel|uve|e-c|ew|kan|-ca|nie|ncl|ale|lle
Niger	Republic of the Niger		NE	NER	562	ğŸ‡³ğŸ‡ª	ne|ner|ger|ige|nig
Norfolk Island			NF	NFK	574	ğŸ‡³ğŸ‡«	lk|k i|is|isl|lan|nfk|fol|and|orf|sla|nor|nf|rfo|olk
Nigeria	Federal Republic of Nigeria	Naija	NG	NGA	566	ğŸ‡³ğŸ‡¬	nga|nai|aij|ger|ige|ng|ija|ria|eri|nig
Nicaragua	Republic of Nicaragua		NI	NIC	558	ğŸ‡³ğŸ‡®	rag|gua|ni|ica|car|nic|ara|agu
Netherlands	Kingdom of the Netherlands	The Netherlands|Holland|Nederlanden	NL	NLD	528	ğŸ‡³ğŸ‡±	lan|he|nld|erl|lla|der|her|den|nds|ned|ne|nl|ede|e n|nde|net|and|rla|hol|oll|the|eth
Norway	Kingdom of Norway	Norge	NO	NOR	578	ğŸ‡³ğŸ‡´	orw|no|rwa|org|rge|nor|way
Nepal	Federal Democratic Republic of Nepal		NP	NPL	524	ğŸ‡³ğŸ‡µ	epa|nep|npl|pal|np
Nauru	Republic of Nauru	Naoero|Pleasant Island	NR	NRU	520	ğŸ‡³ğŸ‡·	lan|eas|lea|uru|sla|aoe|asa|nau|isl|nr|aur|nru|ero|t i|nt|and|oer|is|ant|san|nao|ple
Niue	Niue	NiuÄ“	NU	NIU	570	ğŸ‡³ğŸ‡º	iue|niu|nu
New Zealand		Zealandia Nova|New Zeeland|Aotearoa	NZ	NZL	554	ğŸ‡³ğŸ‡¿	lan|nz|eel|no|aot|nov|ala|dia|new|ear|zee|a n|ela|ote|zea|ova|tea|ze|and|roa|nzl|ew|ia|aro|eal|ndi|w z
Oman	Sultanate of Oman	Muscat and Oman|Uman	OM	OMN	512	ğŸ‡´ğŸ‡²	omn|t a|oma|sca|and|d o|om|man|an|mus|uma|at|usc|nd|cat
Panama	Republic of Panama	Canal Zone	PA	PAN	591	ğŸ‡µğŸ‡¦	pan|nam|ama|al|zon|nal|ana|one|can|l z|pa|zo
Peru	Republic of Peru	PerÃº	PE	PER	604	ğŸ‡µğŸ‡ª	per|pe|eru
French Polynesia		French Oceania	PF	PYF	258	ğŸ‡µğŸ‡«	pyf|fre|sia|ean|nia|yne|pol|oce|oc|oly|lyn|h o|po|nes|ani|nch|enc|esi|h p|pf|cea|ch|ren
Papua New Guinea	Independent State of Papua New Guinea		PG	PNG	598	ğŸ‡µğŸ‡¬	a n|w g|ne|ew|apu|pua|gui|uin|ua|gu|new|pg|ine|pap|png|nea
Philippines	Republic of the Philippines	Philippine Islands	PH	PHL	608	ğŸ‡µğŸ‡­	lan|phi|sla|nds|isl|phl|ne|ili|nes|ppi|ipp|ph|e i|and|ine|pin|is|hil|lip
Pakistan	Islamic Republic of Pakistan		PK	PAK	586	ğŸ‡µğŸ‡°	sta|kis|aki|ist|pak|tan|pk
Poland	Republic of Poland	Polska	PL	POL	616	ğŸ‡µğŸ‡±	lsk|lan|ola|ols|pl|ska|and|pol
Saint Pierre and Miquelon			PM	SPM	666	ğŸ‡µğŸ‡²	miq|pm|lon|ain|uel|spm|d m|e a|nd|mi|elo|ier|int|re|t p|que|nt|and|pie|an|sai|rre|pi|err|iqu
Pitcairn		Pitcairn Islands	PN	PCN	612	ğŸ‡µğŸ‡³	is|isl|lan|pn|n i|and|rn|pcn|irn|sla|itc|tca|air|pit|cai|nds
Puerto Rico		Borinquen|Porto Rico|BorikÃ©n|BoriquÃ©n	PR	PRI	630	ğŸ‡µğŸ‡·	inq|rto|ort|pue|ken|pri|ico|nqu|rik|ori|por|ric|bor|ri|ike|que|ert|rin|o r|uen|uer|to|pr|riq|iqu
Palestine	the State of Palestine	Palestinian Territory	PS	PSE	275	ğŸ‡µğŸ‡¸	ini|nia|tor|est|ps|rit|te|pal|sti|ory|n t|les|ian|pse|ine|an|ito|rri|ter|ale|tin|err
Portugal	Portuguese Republic	Lusitania	PT	PRT	620	ğŸ‡µğŸ‡¹	tug|pt|prt|uga|usi|gal|nia|ort|ani|por|lus|rtu|tan|ita|sit
Palau	Republic of Palau	Pelew|Belau	PW	PLW	585	ğŸ‡µğŸ‡¼	pel|ele|lew|ela|bel|lau|ala|plw|pal|pw
Paraguay	Republic of Paraguay		PY	PRY	600	ğŸ‡µğŸ‡¾	par|rag|gua|uay|py|ara|pry|agu
Qatar	State of Qatar		QA	QAT	634	ğŸ‡¶ğŸ‡¦	tar|qa|qat|ata
RÃ©union		Reunion Island|Reunion|Bourbon Island	RE	REU	638	ğŸ‡·ğŸ‡ª	bon|ion|is|isl|lan|on|reu|bou|n i|eun|and|urb|rbo|sla|re|nio|uni|our
Romania		Roumania|RomÃ¢nia|Rumania	RO	ROU	642	ğŸ‡·ğŸ‡´	rou|oma|rom|nia|man|uma|ro|oum|rum|ani
Serbia	Republic of Serbia	Srbija|Yugoslavia	RS	SRB	688	ğŸ‡·ğŸ‡¸	via|rbi|erb|ugo|ser|rs|bij|lav|sla|avi|gos|ija|osl|yug|srb|bia
Russian Federation		USSR|Russia|Soviet Union|Rossiyskaya Federatsiya	RU	RUS	643	ğŸ‡·ğŸ‡º	ion|fe|ru|vie|a f|sia|der|ysk|ovi|uni|ssr|rat|ati|n f|tio|ska|nio|sov|un|ede|rus|ian|ya|tsi|aya|era|an|iys|oss|ats|ros|iet|fed|et|uss|ssi|t u|siy|iya|kay
Rwanda	Rwandese Republic	The Land of a Thousand Hills	RW	RWA	646	ğŸ‡·ğŸ‡¼	lan|a t|he|d o|ous|a|d h|hi|la|ill|tho|wan|usa|rw|th|nd|rwa|lls|e l|of|nda|and|f a|san|hil|the|hou
Saudi Arabia	Kingdom of Saudi Arabia		SA	SAU	682	ğŸ‡¸ğŸ‡¦	abi|udi|sau|ar|di|rab|sa|i a|ara|aud|bia
Solomon Islands			SB	SLB	090	ğŸ‡¸ğŸ‡§	is|isl|lan|sb|on|mon|n i|slb|sla|lom|olo|sol|and|omo|nds
Seychelles	Republic of Seychelles		SC	SYC	690	ğŸ‡¸ğŸ‡¨	ych|hel|eyc|sey|les|syc|che|lle|sc|ell
Sudan	Republic of the Sudan	as-SÅ«dÄn|al-Sudan	SD	SDN	729	ğŸ‡¸ğŸ‡©	sdn|s-s|al-|-su|sd|dan|sud|as-|uda|l-s
Sweden	Kingdom of Sweden	Sverige	SE	SWE	752	ğŸ‡¸ğŸ‡ª	rig|ver|sve|wed|ige|swe|se|den|eri|ede
Singapore	Republic of Singapore	Lion City|Garden City	SG	SGP	702	ğŸ‡¸ğŸ‡¬	ion|cit|on|ard|ing|den|nga|n c|sgp|por|rde|en|gar|ci|ity|ore|apo|sg|lio|gap|sin
Saint Helena	Saint Helena, Ascension and Tristan da Cunha		SH	SHN	654	ğŸ‡¸ğŸ‡­	ele|sai|sh|he|hel|shn|int|ain|nt|len|ena|t h
Slovenia	Republic of Slovenia	Slovenija	SI	SVN	705	ğŸ‡¸ğŸ‡®	ove|ven|si|nia|nij|eni|slo|ija|lov|svn
Svalbard and Jan Mayen			SJ	SJM	744	ğŸ‡¸ğŸ‡¯	yen|d j|ja|ard|may|ma|sj|bar|n m|nd|rd|alb|d a|and|an|aye|sjm|jan|sva|val|lba
Slovakia	Slovak Republic	Slovensko	SK	SVK	703	ğŸ‡¸ğŸ‡°	ove|ova|vak|ven|svk|ens|sko|sk|aki|slo|kia|lov|nsk
Sierra Leone	Republic of Sierra Leone		SL	SLE	694	ğŸ‡¸ğŸ‡±	leo|ra|ier|a l|rra|le|sl|sle|one|eon|err|sie
San Marino	Republic of San Marino		SM	SMR	674	ğŸ‡¸ğŸ‡²	ma|mar|san|sm|smr|n m|ari|ino|rin|an
Senegal	Republic of Senegal	SÃ©nÃ©gal	SN	SEN	686	ğŸ‡¸ğŸ‡³	sen|ega|gal|ene|neg|sn
Somalia	Federal Republic of Somalia	Somali Republic	SO	SOM	706	ğŸ‡¸ğŸ‡´	ubl|rep|epu|oma|lic|so|mal|lia|som|re|pub|bli|li|ali|i r
Suriname	Republic of Suriname	Dutch Guiana|Surinam|Surrinam	SR	SUR	740	ğŸ‡¸ğŸ‡·	ame|utc|nam|urr|gu|h g|dut|tch|ana|uri|ian|gui|sur|rin|uia|rri|sr|ina|ch
South Sudan	Republic of South Sudan		SS	SSD	728	ğŸ‡¸ğŸ‡¸	uth|ss|th|dan|su|h s|out|sud|ssd|uda|sou
Sao Tome and Principe	Democratic Republic of Sao Tome and Principe	SÃ£o TomÃ© and PrÃ­ncipe	ST	STP	678	ğŸ‡¸ğŸ‡¹	ipe|ao|cip|sao|pri|d p|nd|me|nci|rin|and|stp|an|o t|st|inc|ome|to|pr|e a|tom
El Salvador	Republic of El Salvador	Salvador	SV	SLV	222	ğŸ‡¸ğŸ‡»	dor|el|vad|lva|alv|ado|slv|sal|sa|sv|l s
Sint Maarten	Country of Sint Maarten	Land Sint Maarten|Saint Martin|Dutch Sint Maarten|Sint Maarten (Dutch part)|Sint Martin|Saint Martin (Dutch part)	SX	SXM	534	ğŸ‡¸ğŸ‡½	lan|rti|utc|(du|art|rt)|ain|in|dut|ma|mar|tch|en|d s|nd|sxm|maa|ten|n (|int|sx|h s|nt|and|(d|rte|h p|par|aar|sai|si|tin|t m|ch|pa|sin
Syria	Syrian Arab Republic	Surya	SY	SYR	760	ğŸ‡¸ğŸ‡¾	ury|yri|rya|sur|ria|sy|syr
Eswatini	Kingdom of Eswatini	Umbuso weSwatini|Swaziland	SZ	SWZ	748	ğŸ‡¸ğŸ‡¿	bus|lan|umb|ini|swa|ati|ila|mbu|azi|esw|wes|wat|so|zil|swz|and|we|uso|tin|waz|sz|o w
Turks and Caicos Islands		Turks and Caicos	TC	TCA	796	ğŸ‡¹ğŸ‡¨	lan|os|rks|sla|s a|cai|nds|isl|ico|ca|tur|ks|nd|aic|tca|and|d c|an|is|cos|s i|urk|tc
Chad	Republic of Chad		TD	TCD	148	ğŸ‡¹ğŸ‡©	tcd|cha|had|td
French Southern Territories		French Southern and Antarctic Lands	TF	ATF	260	ğŸ‡¹ğŸ‡«	ern|lan|arc|uth|fre|her|tar|atf|tor|la|tic|nds|rct|rit|te|ies|ic|ori|rie|out|cti|tf|nd|c l|nch|enc|n t|so|n a|d a|h s|and|nta|an|ito|rri|ant|ter|rn|the|ch|err|ren|sou
Togo	Togolese Republic		TG	TGO	768	ğŸ‡¹ğŸ‡¬	tgo|tog|tg|ogo
Thailand	Kingdom of Thailand	Land of Smiles|Siam	TH	THA	764	ğŸ‡¹ğŸ‡­	lan|ail|smi|ile|iam|les|hai|of|f s|tha|sm|d o|ila|mil|sia|th|and|nd
Tajikistan	Republic of Tajikistan		TJ	TJK	762	ğŸ‡¹ğŸ‡¯	sta|kis|aji|jik|iki|taj|ist|tjk|tj|tan
Tokelau		Union Islands	TK	TKL	772	ğŸ‡¹ğŸ‡°	tk|ion|is|kel|isl|ela|on|lan|n i|nds|lau|and|tkl|sla|tok|oke|uni|nio
Timor-Leste	Democratic Republic of Timor-Leste	East Timor|Timor Leste	TL	TLS	626	ğŸ‡¹ğŸ‡±	-le|imo|eas|est|ti|tls|le|or-|ast|ste|r-l|tl|les|mor|or|st|t t|r l|tim
Turkmenistan		Turkmenia	TM	TKM	795	ğŸ‡¹ğŸ‡²	tkm|sta|rkm|nis|tur|urk|nia|eni|ist|tm|men|tan|kme
Tunisia	Republic of Tunisia		TN	TUN	788	ğŸ‡¹ğŸ‡³	tn|tun|sia|nis|uni|isi
Tonga	Kingdom of Tonga	Friendly Islands|Tonga Islands	TO	TON	776	ğŸ‡¹ğŸ‡´	lan|fri|sla|nds|ly|isl|nga|dly|end|ong|rie|ga|ndl|ton|and|y i|is|ien|to|a i
TÃ¼rkiye	Republic of TÃ¼rkiye	Turkey	TR	TUR	792	ğŸ‡¹ğŸ‡·	rki|tr|kiy|key|tur|urk|iye|rke
Trinidad and Tobago	Republic of Trinidad and Tobago		TT	TTO	780	ğŸ‡¹ğŸ‡¹	ini|tri|oba|ad|nd|tob|dad|nid|ago|tt|d a|and|rin|an|ida|tto|to|d t|bag
Tuvalu		Ellice Islands	TV	TUV	798	ğŸ‡¹ğŸ‡»	is|tuv|isl|lan|nds|ce|lic|e i|tv|sla|val|uva|ell|and|ice|lli|alu
Taiwan	Republic of China	TÃ¢i-oÃ¢n|Chinese Taipei|ROC|TÃ¢i-uÃ¢n|Formosa	TW	TWN	158	ğŸ‡¹ğŸ‡¼	ipe|ai-|iwa|twn|hin|pei|oan|wan|orm|osa|e t|aiw|nes|se|chi|-ua|ta|mos|i-u|i-o|-oa|roc|ese|rmo|ine|uan|tai|tw|aip|for
Tanzania	United Republic of Tanzania	Tanganyika and Zanzibar	TZ	TZA	834	ğŸ‡¹ğŸ‡¿	iba|zib|nyi|nia|nza|anz|any|zan|bar|d z|nga|tz|nzi|yik|nd|ani|za|a a|ika|ka|and|an|gan|tza|ang|tan
Ukraine		Ukraina|Ukrainia|UkraÃ¯na	UA	UKR	804	ğŸ‡ºğŸ‡¦	kra|ini|ukr|ina|nia|ua|ain|ine|rai
Uganda	Republic of Uganda	Ouganda|Pearl of Africa	UG	UGA	800	ğŸ‡ºğŸ‡¬	l o|arl|uga|afr|fri|nda|gan|of|af|ica|rl|ug|ear|and|ric|f a|oug|pea
United States Minor Outlying Islands		USMOI	UM	UMI	581	ğŸ‡ºğŸ‡²	lan|umi|ed|sla|ino|ing|uni|tat|utl|nds|ted|isl|tes|ate|moi|out|tly|d s|nit|yin|mi|min|r o|nor|or|and|usm|ou|is|st|lyi|sta|g i|s m|smo|um|ite|ng|es
United States	United States of America	America	US	USA	840	ğŸ‡ºğŸ‡¸	ted|d s|st|tes|sta|ame|usa|ed|us|ate|ite|ica|ric|nit|tat|eri|mer|uni
Uruguay	Eastern Republic of Uruguay	Banda Oriental	UY	URY	858	ğŸ‡ºğŸ‡¾	rug|ban|gua|uru|tal|ori|rie|ugu|ury|uay|or|nda|and|nta|ent|da|ien|uy|a o
Uzbekistan	Republic of Uzbekistan		UZ	UZB	860	ğŸ‡ºğŸ‡¿	bek|sta|kis|tan|eki|ist|uz|zbe|uzb
Holy See	Vatican City State	Vatican|Papal State|Vatican City|The Vatican	VA	VAT	336	ğŸ‡»ğŸ‡¦	e v|cit|he|al|see|tat|tic|l s|ly|va|n c|oly|ate|ati|vat|pal|se|ci|ity|ica|apa|pap|an|hol|st|y s|sta|the|can
Saint Vincent and the Grenadines			VC	VCT	670	ğŸ‡»ğŸ‡¨	vc|gr|he|cen|ain|gre|din|nce|t a|th|nes|nd|vi|vin|int|e g|nad|nt|and|adi|ine|ena|an|ent|sai|vct|inc|the|t v|ren|d t
Venezuela	Bolivarian Republic of Venezuela		VE	VEN	862	ğŸ‡»ğŸ‡ª	zue|nez|ela|ven|ezu|ene|uel|ve
British Virgin Islands	British Virgin Islands		VG	VGB	092	ğŸ‡»ğŸ‡¬	lan|n i|rgi|ish|sla|in|nds|isl|rit|h v|irg|vg|sh|vi|tis|bri|and|vgb|vir|is|gin|iti
U.S. Virgin Islands	Virgin Islands of the United States	USVI|American Virgin Islands|United States Virgin Islands|US Virgin Islands	VI	VIR	850	ğŸ‡»ğŸ‡®	lan|ame|n i|ed|rgi|sla|s.|uni|tat|. v|in|nds|ted|isl|tes|usv|.s.|irg|ate|s v|u.s|nit|ric|eri|d s|vi|ica|n v|and|an|vir|is|st|gin|sta|us|ite|svi|can|es|mer
Viet Nam	Socialist Republic of Viet Nam	Viá»‡t Nam|Vietnam	VN	VNM	704	ğŸ‡»ğŸ‡³	tna|na|iet|vie|nam|vn|et|vnm|t n|etn
Vanuatu	Republic of Vanuatu	New Hebrides	VU	VUT	548	ğŸ‡»ğŸ‡º	w h|van|ew|uat|nua|he|heb|bri|rid|vu|anu|des|ide|new|atu|ebr|vut
Wallis and Futuna			WF	WLF	876	ğŸ‡¼ğŸ‡«	is|lis|tun|nd|wal|fut|utu|all|una|an|d f|wf|wlf|and|fu|s a|lli
Samoa	Independent State of Samoa	Western Samoa	WS	WSM	882	ğŸ‡¼ğŸ‡¸	ern|ste|ws|ter|wes|rn|moa|est|sam|wsm|sa|n s|amo
Yemen	Republic of Yemen	South Arabia	YE	YEM	887	ğŸ‡¾ğŸ‡ª	men|eme|abi|uth|th|ar|h a|rab|out|bia|yem|ye|ara|sou
Mayotte			YT	MYT	175	ğŸ‡¾ğŸ‡¹	myt|yot|tte|yt|ayo|ott|may
South Africa	Republic of South Africa	Mzansi	ZA	ZAF	710	ğŸ‡¿ğŸ‡¦	nsi|zan|zaf|afr|fri|uth|th|af|ica|h a|out|ans|ric|za|mza|sou
Zambia	Republic of Zambia	Northern Rhodesia	ZM	ZMB	894	ğŸ‡¿ğŸ‡²	ern|zam|n r|sia|rho|her|ort|hod|zm|ode|rh|amb|nor|esi|rn|des|mbi|rth|zmb|the|bia
Zimbabwe	Republic of Zimbabwe	Southern Rhodesia	ZW	ZWE	716	ğŸ‡¿ğŸ‡¼	ern|uth|n r|sia|rho|mba|her|hod|zwe|bab|ode|imb|rh|zw|out|bwe|zim|esi|abw|rn|des|the|sou
