name	official_name	alt_names	alpha2	alpha3	numeric	flag
Andorra	Principality of Andorra	Principality of the Valleys of Andorra	AD	AND	20	ğŸ‡¦ğŸ‡©
United Arab Emirates		Emirates	AE	ARE	784	ğŸ‡¦ğŸ‡ª
Afghanistan	Islamic Republic of Afghanistan		AF	AFG	4	ğŸ‡¦ğŸ‡«
Antigua and Barbuda			AG	ATG	28	ğŸ‡¦ğŸ‡¬
Anguilla		Malliouhana	AI	AIA	660	ğŸ‡¦ğŸ‡®
Albania	Republic of Albania	ShqipÃ«risÃ«	AL	ALB	8	ğŸ‡¦ğŸ‡±
Armenia	Republic of Armenia	Hayastani Hanrapetutâ€™yun|Hayastan	AM	ARM	51	ğŸ‡¦ğŸ‡²
Angola	Republic of Angola		AO	AGO	24	ğŸ‡¦ğŸ‡´
Antarctica			AQ	ATA	10	ğŸ‡¦ğŸ‡¶
Argentina	Argentine Republic	Republica Argentina|Republic of Argentina	AR	ARG	32	ğŸ‡¦ğŸ‡·
American Samoa		American SÄmoa|Eastern Samoa	AS	ASM	16	ğŸ‡¦ğŸ‡¸
Austria	Republic of Austria	Republik Ã–sterreich|Ã–sterreich	AT	AUT	40	ğŸ‡¦ğŸ‡¹
Australia		Down Under|Aussieland|Nova Hollandia|Straya|New Holland|Stria|Stralia	AU	AUS	36	ğŸ‡¦ğŸ‡º
Aruba			AW	ABW	533	ğŸ‡¦ğŸ‡¼
Ã…land Islands		Ã…land|Ahvenanmaa|Aland Islands	AX	ALA	248	ğŸ‡¦ğŸ‡½
Azerbaijan	Republic of Azerbaijan	AzÉ™rbaycan	AZ	AZE	31	ğŸ‡¦ğŸ‡¿
Bosnia and Herzegovina	Republic of Bosnia and Herzegovina	Bosnia-Herzegovina|Bosnia and Hercegovina|Bosnia	BA	BIH	70	ğŸ‡§ğŸ‡¦
Barbados		Bimshire 	BB	BRB	52	ğŸ‡§ğŸ‡§
Bangladesh	People's Republic of Bangladesh	Bangla	BD	BGD	50	ğŸ‡§ğŸ‡©
Belgium	Kingdom of Belgium	Belgique|BelgiÃ«	BE	BEL	56	ğŸ‡§ğŸ‡ª
Burkina Faso		Upper Volta	BF	BFA	854	ğŸ‡§ğŸ‡«
Bulgaria	Republic of Bulgaria		BG	BGR	100	ğŸ‡§ğŸ‡¬
Bahrain	Kingdom of Bahrain	Mamlakat al-Baá¸¥rayn|Dawlat al-Bahrain	BH	BHR	48	ğŸ‡§ğŸ‡­
Burundi	Republic of Burundi	Uburundi	BI	BDI	108	ğŸ‡§ğŸ‡®
Benin	Republic of Benin	Dahomey	BJ	BEN	204	ğŸ‡§ğŸ‡¯
Saint BarthÃ©lemy		St. Barths|St. Barth|St. Barthelemy|St. BarthÃ©lemy|St. Barts|Saint Barthelemy	BL	BLM	652	ğŸ‡§ğŸ‡±
Bermuda		Virgineola	BM	BMU	60	ğŸ‡§ğŸ‡²
Brunei Darussalam		Brunei|Nation of Brunei, the Abode of Peace	BN	BRN	96	ğŸ‡§ğŸ‡³
Bolivia	Plurinational State of Bolivia		BO	BOL	68	ğŸ‡§ğŸ‡´
Bonaire, Sint Eustatius and Saba	Bonaire, Sint Eustatius and Saba	Netherlands Antilles|Bonaire, Saint Eustatius and Saba|Bonaire|Bonaire, Saint Eustatius and Saba |Dutch Antilles|Caribbean Netherlands|Carribean Netherlands	BQ	BES	535	ğŸ‡§ğŸ‡¶
Brazil	Federative Republic of Brazil	Brasil	BR	BRA	76	ğŸ‡§ğŸ‡·
Bahamas	Commonwealth of the Bahamas	Bahama Islands|The Bahamas	BS	BHS	44	ğŸ‡§ğŸ‡¸
Bhutan	Kingdom of Bhutan	Druk Yul	BT	BTN	64	ğŸ‡§ğŸ‡¹
Bouvet Island			BV	BVT	74	ğŸ‡§ğŸ‡»
Botswana	Republic of Botswana		BW	BWA	72	ğŸ‡§ğŸ‡¼
Belarus	Republic of Belarus	Byelorussia|Byeloruss|BielaruÅ›|Bielorussia|Belorussia|White Russia	BY	BLR	112	ğŸ‡§ğŸ‡¾
Belize		British Honduras	BZ	BLZ	84	ğŸ‡§ğŸ‡¿
Canada			CA	CAN	124	ğŸ‡¨ğŸ‡¦
Cocos (Keeling) Islands		Keeling Islands|Cocos Islands|Territory of the Cocos (Keeling) Islands	CC	CCK	166	ğŸ‡¨ğŸ‡¨
Democratic Republic of the Congo		DR Congo|Zaire|Congo-Kinshasa|Congo|DRC|Congo (Kinshasa)	CD	COD	180	ğŸ‡¨ğŸ‡©
Central African Republic		Central Africa	CF	CAF	140	ğŸ‡¨ğŸ‡«
Republic of the Congo	Republic of the Congo	Congo Republic|Congo (Brazzaville)|Congo|Congo-Brazzaville	CG	COG	178	ğŸ‡¨ğŸ‡¬
Switzerland	Swiss Confederation	Suisse|Schweiz|Svizra|Svizzera|Swiss	CH	CHE	756	ğŸ‡¨ğŸ‡­
CÃ´te d'Ivoire	Republic of CÃ´te d'Ivoire	CÃ´te-d'Ivoire|Cote-d'Ivoire|Cote d'lvoire|Ivory Coast|Cote d'Ivoire	CI	CIV	384	ğŸ‡¨ğŸ‡®
Cook Islands		Cook Group|Hervey Islands	CK	COK	184	ğŸ‡¨ğŸ‡°
Chile	Republic of Chile		CL	CHL	152	ğŸ‡¨ğŸ‡±
Cameroon	Republic of Cameroon		CM	CMR	120	ğŸ‡¨ğŸ‡²
China	People's Republic of China	ZhÅngguÃ³|Zhongguo	CN	CHN	156	ğŸ‡¨ğŸ‡³
Colombia	Republic of Colombia	ColombiÃ¡	CO	COL	170	ğŸ‡¨ğŸ‡´
Costa Rica	Republic of Costa Rica		CR	CRI	188	ğŸ‡¨ğŸ‡·
Cuba	Republic of Cuba		CU	CUB	192	ğŸ‡¨ğŸ‡º
Cabo Verde	Republic of Cabo Verde	Cape Verde	CV	CPV	132	ğŸ‡¨ğŸ‡»
CuraÃ§ao	CuraÃ§ao	Curacao|Curacau|CuraÏ‚ao|Curocao|CuraÃ§oa|Curazao|KÃ²rsou	CW	CUW	531	ğŸ‡¨ğŸ‡¼
Christmas Island			CX	CXR	162	ğŸ‡¨ğŸ‡½
Cyprus	Republic of Cyprus	Greek Cypriot State	CY	CYP	196	ğŸ‡¨ğŸ‡¾
Czechia	Czech Republic		CZ	CZE	203	ğŸ‡¨ğŸ‡¿
Germany	Federal Republic of Germany	Deutschland	DE	DEU	276	ğŸ‡©ğŸ‡ª
Djibouti	Republic of Djibouti	Gabuuti|Jabuuti|JÄ«bÅ«tÄ«	DJ	DJI	262	ğŸ‡©ğŸ‡¯
Denmark	Kingdom of Denmark	Danmark	DK	DNK	208	ğŸ‡©ğŸ‡°
Dominica	Commonwealth of Dominica	Wai'tu kubuli|Waiâ€˜tu kubuli	DM	DMA	212	ğŸ‡©ğŸ‡²
Dominican Republic		Dominicana	DO	DOM	214	ğŸ‡©ğŸ‡´
Algeria	People's Democratic Republic of Algeria		DZ	DZA	12	ğŸ‡©ğŸ‡¿
Ecuador	Republic of Ecuador		EC	ECU	218	ğŸ‡ªğŸ‡¨
Estonia	Republic of Estonia	Eesti Vabariik|Estland	EE	EST	233	ğŸ‡ªğŸ‡ª
Egypt	Arab Republic of Egypt	Misr	EG	EGY	818	ğŸ‡ªğŸ‡¬
Western Sahara			EH	ESH	732	ğŸ‡ªğŸ‡­
Eritrea	the State of Eritrea	ErtrÄ|IritriyÄ	ER	ERI	232	ğŸ‡ªğŸ‡·
Spain	Kingdom of Spain	Hispania	ES	ESP	724	ğŸ‡ªğŸ‡¸
Ethiopia	Federal Democratic Republic of Ethiopia	Abyssinia	ET	ETH	231	ğŸ‡ªğŸ‡¹
Finland	Republic of Finland	Suomi|Land of a Thousand Lakes|Finnia|Suomen tasavalta	FI	FIN	246	ğŸ‡«ğŸ‡®
Fiji	Republic of Fiji	Matanitu Tugalala o Viti|FijÄ«|FijÄ« Gaá¹‡arÄjya	FJ	FJI	242	ğŸ‡«ğŸ‡¯
Falkland Islands	Falkland Islands (Malvinas)	Falklands|Malvinas Islands|Islas Malvinas	FK	FLK	238	ğŸ‡«ğŸ‡°
Micronesia	Federated States of Micronesia		FM	FSM	583	ğŸ‡«ğŸ‡²
Faroe Islands		Faroes|Sheep Islands|Faer Oer	FO	FRO	234	ğŸ‡«ğŸ‡´
France	French Republic		FR	FRA	250	ğŸ‡«ğŸ‡·
Gabon	Gabonese Republic	Gabonaise	GA	GAB	266	ğŸ‡¬ğŸ‡¦
United Kingdom	United Kingdom of Great Britain and Northern Ireland	Great Britain|Scotland|UK|Northern Ireland|Wales|Britain|England	GB	GBR	826	ğŸ‡¬ğŸ‡§
Grenada			GD	GRD	308	ğŸ‡¬ğŸ‡©
Georgia		Georgia (country)	GE	GEO	268	ğŸ‡¬ğŸ‡ª
French Guiana		Guyane	GF	GUF	254	ğŸ‡¬ğŸ‡«
Guernsey		Bailiwick of Guernsey	GG	GGY	831	ğŸ‡¬ğŸ‡¬
Ghana	Republic of Ghana		GH	GHA	288	ğŸ‡¬ğŸ‡­
Gibraltar			GI	GIB	292	ğŸ‡¬ğŸ‡®
Greenland		Greenlandia|Kalaallit Nunaat|Groenland	GL	GRL	304	ğŸ‡¬ğŸ‡±
Gambia	Republic of the Gambia	The Gambia	GM	GMB	270	ğŸ‡¬ğŸ‡²
Guinea	Republic of Guinea	Guinea-Conakry	GN	GIN	324	ğŸ‡¬ğŸ‡³
Guadeloupe		Gwadloup|Karukera|Gwada	GP	GLP	312	ğŸ‡¬ğŸ‡µ
Equatorial Guinea	Republic of Equatorial Guinea		GQ	GNQ	226	ğŸ‡¬ğŸ‡¶
Greece	Hellenic Republic	Ellada|Hellas	GR	GRC	300	ğŸ‡¬ğŸ‡·
South Georgia and the South Sandwich Islands			GS	SGS	239	ğŸ‡¬ğŸ‡¸
Guatemala	Republic of Guatemala		GT	GTM	320	ğŸ‡¬ğŸ‡¹
Guam		Guahan|GuÃ¥han|GuÃ¥hÃ¥n	GU	GUM	316	ğŸ‡¬ğŸ‡º
Guinea-Bissau	Republic of Guinea-Bissau		GW	GNB	624	ğŸ‡¬ğŸ‡¼
Guyana	Republic of Guyana	British Guiana	GY	GUY	328	ğŸ‡¬ğŸ‡¾
Hong Kong	Hong Kong Special Administrative Region of China	HKSAR	HK	HKG	344	ğŸ‡­ğŸ‡°
Heard Island and McDonald Islands			HM	HMD	334	ğŸ‡­ğŸ‡²
Honduras	Republic of Honduras		HN	HND	340	ğŸ‡­ğŸ‡³
Croatia	Republic of Croatia		HR	HRV	191	ğŸ‡­ğŸ‡·
Haiti	Republic of Haiti	Ayiti	HT	HTI	332	ğŸ‡­ğŸ‡¹
Hungary	Hungary	MagyarorszÃ¡g	HU	HUN	348	ğŸ‡­ğŸ‡º
Indonesia	Republic of Indonesia	East Indies	ID	IDN	360	ğŸ‡®ğŸ‡©
Ireland		Hibernia|Ã‰ire	IE	IRL	372	ğŸ‡®ğŸ‡ª
Israel	State of Israel		IL	ISR	376	ğŸ‡®ğŸ‡±
Isle of Man		I. M.|I. Mann|Manx|Isle of Mann|Mann|I. Man|I. Mannin|the Isle of Man	IM	IMN	833	ğŸ‡®ğŸ‡²
India	Republic of India	Bharat Ganarajya|Hindustan|Bharata|Hindoostan|Bharatvarsh|Bharat|Indostan	IN	IND	356	ğŸ‡®ğŸ‡³
British Indian Ocean Territory			IO	IOT	86	ğŸ‡®ğŸ‡´
Iraq	Republic of Iraq	Mesopotamia	IQ	IRQ	368	ğŸ‡®ğŸ‡¶
Iran	Islamic Republic of Iran	Persia	IR	IRN	364	ğŸ‡®ğŸ‡·
Iceland	Republic of Iceland	Ãsland|Ysland	IS	ISL	352	ğŸ‡®ğŸ‡¸
Italy	Italian Republic	Italia	IT	ITA	380	ğŸ‡®ğŸ‡¹
Jersey		Jerri|JÃ¨rri|Iersey	JE	JEY	832	ğŸ‡¯ğŸ‡ª
Jamaica			JM	JAM	388	ğŸ‡¯ğŸ‡²
Jordan	Hashemite Kingdom of Jordan	Yarden|Giordania	JO	JOR	400	ğŸ‡¯ğŸ‡´
Japan		Nihon-koku|Land of the Rising Sun|Nippon-koku|Nihon|Nippon	JP	JPN	392	ğŸ‡¯ğŸ‡µ
Kenya	Republic of Kenya		KE	KEN	404	ğŸ‡°ğŸ‡ª
Kyrgyzstan	Kyrgyz Republic	Kirghizia|Kyrgyz	KG	KGZ	417	ğŸ‡°ğŸ‡¬
Cambodia	Kingdom of Cambodia	Kambodzha|Kampuchea|Campuchia|Camboya|Kamboja	KH	KHM	116	ğŸ‡°ğŸ‡­
Kiribati	Republic of Kiribati		KI	KIR	296	ğŸ‡°ğŸ‡®
Comoros	Union of the Comoros	Udzima wa Komori|al-Ittiá¸¥Äd al-QumurÄ«|Juzur al-Qamar|Waku-Moria|Juzur al-Qumur	KM	COM	174	ğŸ‡°ğŸ‡²
Saint Kitts and Nevis		Saint Christopher and Nevis|Kitts & Nevis	KN	KNA	659	ğŸ‡°ğŸ‡³
North Korea	Democratic People's Republic of Korea	Joseon|ChosÅn|DPRK	KP	PRK	408	ğŸ‡°ğŸ‡µ
South Korea	Republic of Korea	Choson|Daehan Minguk|Hanguk|Daehanminguk	KR	KOR	410	ğŸ‡°ğŸ‡·
Kuwait	State of Kuwait		KW	KWT	414	ğŸ‡°ğŸ‡¼
Cayman Islands		Caymans	KY	CYM	136	ğŸ‡°ğŸ‡¾
Kazakhstan	Republic of Kazakhstan	Qazaqstan	KZ	KAZ	398	ğŸ‡°ğŸ‡¿
Laos	Lao People's Democratic Republic	LPDR	LA	LAO	418	ğŸ‡±ğŸ‡¦
Lebanon	Lebanese Republic	Lubnan	LB	LBN	422	ğŸ‡±ğŸ‡§
Saint Lucia		Iyonola|Hewanorra	LC	LCA	662	ğŸ‡±ğŸ‡¨
Liechtenstein	Principality of Liechtenstein		LI	LIE	438	ğŸ‡±ğŸ‡®
Sri Lanka	Democratic Socialist Republic of Sri Lanka	Serendib|Ceylon	LK	LKA	144	ğŸ‡±ğŸ‡°
Liberia	Republic of Liberia		LR	LBR	430	ğŸ‡±ğŸ‡·
Lesotho	Kingdom of Lesotho	The Mountain Kingdom	LS	LSO	426	ğŸ‡±ğŸ‡¸
Lithuania	Republic of Lithuania	Lietuva	LT	LTU	440	ğŸ‡±ğŸ‡¹
Luxembourg	Grand Duchy of Luxembourg	Luxemburg	LU	LUX	442	ğŸ‡±ğŸ‡º
Latvia	Republic of Latvia	Latveja|LeÅ£mĞ¾Ì„|Latvija|LeÅ£mĞ¾Ì„ VabÄmĞ¾Ì„	LV	LVA	428	ğŸ‡±ğŸ‡»
Libya	Libya	Libyan Arab Jamahiriya	LY	LBY	434	ğŸ‡±ğŸ‡¾
Morocco	Kingdom of Morocco	LmaÄ¡rib|Marocco|Maroc|al-MaÄ¡rib	MA	MAR	504	ğŸ‡²ğŸ‡¦
Monaco	Principality of Monaco	MÃ¹negu	MC	MCO	492	ğŸ‡²ğŸ‡¨
Moldova	Republic of Moldova	Moldavia	MD	MDA	498	ğŸ‡²ğŸ‡©
Montenegro	Montenegro	Crna Gora	ME	MNE	499	ğŸ‡²ğŸ‡ª
Saint-Martin	Collectivity of Saint Martin	Saint Martin (France)|Saint Martin (French part)|Saint Martin|CollectivitÃ© de Saint-Martin|St. Martin|St Martin|St. Martin (French part)	MF	MAF	663	ğŸ‡²ğŸ‡«
Madagascar	Republic of Madagascar	Malagaskar|Malagasy Republic|Malagascar	MG	MDG	450	ğŸ‡²ğŸ‡¬
Marshall Islands	Republic of the Marshall Islands		MH	MHL	584	ğŸ‡²ğŸ‡­
North Macedonia	Republic of North Macedonia	Macedonia	MK	MKD	807	ğŸ‡²ğŸ‡°
Mali	Republic of Mali	French Sudan	ML	MLI	466	ğŸ‡²ğŸ‡±
Myanmar	Republic of Myanmar	Burma	MM	MMR	104	ğŸ‡²ğŸ‡²
Mongolia		Outer Mongolia|Mongol State	MN	MNG	496	ğŸ‡²ğŸ‡³
Macao	Macao Special Administrative Region of China	Aomen|Macau|Macau SAR|Macao SAR	MO	MAC	446	ğŸ‡²ğŸ‡´
Northern Mariana Islands	Commonwealth of the Northern Mariana Islands	Northern Marianas	MP	MNP	580	ğŸ‡²ğŸ‡µ
Martinique		Matinino|IoÃ¼nacaÃ«ra|Maritiniki|Martinica|JouanacaÃ«ra|Iguanacaera|Madinina|Madiana	MQ	MTQ	474	ğŸ‡²ğŸ‡¶
Mauritania	Islamic Republic of Mauritania	Agawej|Murutaane|Mauretania|Gannaar|Muritanya|GÃ nnaar|Moritani	MR	MRT	478	ğŸ‡²ğŸ‡·
Montserrat			MS	MSR	500	ğŸ‡²ğŸ‡¸
Malta	Republic of Malta		MT	MLT	470	ğŸ‡²ğŸ‡¹
Mauritius	Republic of Mauritius	Maurice|Moris	MU	MUS	480	ğŸ‡²ğŸ‡º
Maldives	Republic of Maldives	Maldive Islands	MV	MDV	462	ğŸ‡²ğŸ‡»
Malawi	Republic of Malawi	Nyasaland	MW	MWI	454	ğŸ‡²ğŸ‡¼
Mexico	United Mexican States	Estados Unidos Mexicanos	MX	MEX	484	ğŸ‡²ğŸ‡½
Malaysia			MY	MYS	458	ğŸ‡²ğŸ‡¾
Mozambique	Republic of Mozambique	MoÃ§ambique	MZ	MOZ	508	ğŸ‡²ğŸ‡¿
Namibia	Republic of Namibia	South West Africa	NA	NAM	516	ğŸ‡³ğŸ‡¦
New Caledonia		Kanaky|Nouvelle-CalÃ©donie	NC	NCL	540	ğŸ‡³ğŸ‡¨
Niger	Republic of the Niger		NE	NER	562	ğŸ‡³ğŸ‡ª
Norfolk Island			NF	NFK	574	ğŸ‡³ğŸ‡«
Nigeria	Federal Republic of Nigeria	Naija	NG	NGA	566	ğŸ‡³ğŸ‡¬
Nicaragua	Republic of Nicaragua		NI	NIC	558	ğŸ‡³ğŸ‡®
Netherlands	Kingdom of the Netherlands	Holland|The Netherlands|Nederlanden	NL	NLD	528	ğŸ‡³ğŸ‡±
Norway	Kingdom of Norway	Norge	NO	NOR	578	ğŸ‡³ğŸ‡´
Nepal	Federal Democratic Republic of Nepal		NP	NPL	524	ğŸ‡³ğŸ‡µ
Nauru	Republic of Nauru	Pleasant Island|Naoero	NR	NRU	520	ğŸ‡³ğŸ‡·
Niue	Niue	NiuÄ“	NU	NIU	570	ğŸ‡³ğŸ‡º
New Zealand		Aotearoa|New Zeeland|Zealandia Nova	NZ	NZL	554	ğŸ‡³ğŸ‡¿
Oman	Sultanate of Oman	Uman|Muscat and Oman	OM	OMN	512	ğŸ‡´ğŸ‡²
Panama	Republic of Panama	Canal Zone	PA	PAN	591	ğŸ‡µğŸ‡¦
Peru	Republic of Peru	PerÃº	PE	PER	604	ğŸ‡µğŸ‡ª
French Polynesia		French Oceania	PF	PYF	258	ğŸ‡µğŸ‡«
Papua New Guinea	Independent State of Papua New Guinea		PG	PNG	598	ğŸ‡µğŸ‡¬
Philippines	Republic of the Philippines	Philippine Islands	PH	PHL	608	ğŸ‡µğŸ‡­
Pakistan	Islamic Republic of Pakistan		PK	PAK	586	ğŸ‡µğŸ‡°
Poland	Republic of Poland	Polska	PL	POL	616	ğŸ‡µğŸ‡±
Saint Pierre and Miquelon			PM	SPM	666	ğŸ‡µğŸ‡²
Pitcairn		Pitcairn Islands	PN	PCN	612	ğŸ‡µğŸ‡³
Puerto Rico		BorikÃ©n|Borinquen|Porto Rico|BoriquÃ©n	PR	PRI	630	ğŸ‡µğŸ‡·
Palestine	the State of Palestine	Palestinian Territory	PS	PSE	275	ğŸ‡µğŸ‡¸
Portugal	Portuguese Republic	Lusitania	PT	PRT	620	ğŸ‡µğŸ‡¹
Palau	Republic of Palau	Pelew|Belau	PW	PLW	585	ğŸ‡µğŸ‡¼
Paraguay	Republic of Paraguay		PY	PRY	600	ğŸ‡µğŸ‡¾
Qatar	State of Qatar		QA	QAT	634	ğŸ‡¶ğŸ‡¦
RÃ©union		Reunion Island|Bourbon Island|Reunion	RE	REU	638	ğŸ‡·ğŸ‡ª
Romania		RomÃ¢nia|Rumania|Roumania	RO	ROU	642	ğŸ‡·ğŸ‡´
Serbia	Republic of Serbia	Srbija|Yugoslavia	RS	SRB	688	ğŸ‡·ğŸ‡¸
Russian Federation		Rossiyskaya Federatsiya|Russia|Soviet Union|USSR	RU	RUS	643	ğŸ‡·ğŸ‡º
Rwanda	Rwandese Republic	The Land of a Thousand Hills	RW	RWA	646	ğŸ‡·ğŸ‡¼
Saudi Arabia	Kingdom of Saudi Arabia		SA	SAU	682	ğŸ‡¸ğŸ‡¦
Solomon Islands			SB	SLB	90	ğŸ‡¸ğŸ‡§
Seychelles	Republic of Seychelles		SC	SYC	690	ğŸ‡¸ğŸ‡¨
Sudan	Republic of the Sudan	as-SÅ«dÄn|al-Sudan	SD	SDN	729	ğŸ‡¸ğŸ‡©
Sweden	Kingdom of Sweden	Sverige	SE	SWE	752	ğŸ‡¸ğŸ‡ª
Singapore	Republic of Singapore	Garden City|Lion City	SG	SGP	702	ğŸ‡¸ğŸ‡¬
Saint Helena	Saint Helena, Ascension and Tristan da Cunha		SH	SHN	654	ğŸ‡¸ğŸ‡­
Slovenia	Republic of Slovenia	Slovenija	SI	SVN	705	ğŸ‡¸ğŸ‡®
Svalbard and Jan Mayen			SJ	SJM	744	ğŸ‡¸ğŸ‡¯
Slovakia	Slovak Republic	Slovensko	SK	SVK	703	ğŸ‡¸ğŸ‡°
Sierra Leone	Republic of Sierra Leone		SL	SLE	694	ğŸ‡¸ğŸ‡±
San Marino	Republic of San Marino		SM	SMR	674	ğŸ‡¸ğŸ‡²
Senegal	Republic of Senegal	SÃ©nÃ©gal	SN	SEN	686	ğŸ‡¸ğŸ‡³
Somalia	Federal Republic of Somalia	Somali Republic	SO	SOM	706	ğŸ‡¸ğŸ‡´
Suriname	Republic of Suriname	Surrinam|Surinam|Dutch Guiana	SR	SUR	740	ğŸ‡¸ğŸ‡·
South Sudan	Republic of South Sudan		SS	SSD	728	ğŸ‡¸ğŸ‡¸
Sao Tome and Principe	Democratic Republic of Sao Tome and Principe	SÃ£o TomÃ© and PrÃ­ncipe	ST	STP	678	ğŸ‡¸ğŸ‡¹
El Salvador	Republic of El Salvador	Salvador	SV	SLV	222	ğŸ‡¸ğŸ‡»
Sint Maarten	Country of Sint Maarten	Saint Martin (Dutch part)|Saint Martin|Sint Maarten (Dutch part)|Sint Martin|Land Sint Maarten|Dutch Sint Maarten	SX	SXM	534	ğŸ‡¸ğŸ‡½
Syria	Syrian Arab Republic	Surya	SY	SYR	760	ğŸ‡¸ğŸ‡¾
Eswatini	Kingdom of Eswatini	Umbuso weSwatini|Swaziland	SZ	SWZ	748	ğŸ‡¸ğŸ‡¿
Turks and Caicos Islands		Turks and Caicos	TC	TCA	796	ğŸ‡¹ğŸ‡¨
Chad	Republic of Chad		TD	TCD	148	ğŸ‡¹ğŸ‡©
French Southern Territories		French Southern and Antarctic Lands	TF	ATF	260	ğŸ‡¹ğŸ‡«
Togo	Togolese Republic		TG	TGO	768	ğŸ‡¹ğŸ‡¬
Thailand	Kingdom of Thailand	Siam|Land of Smiles	TH	THA	764	ğŸ‡¹ğŸ‡­
Tajikistan	Republic of Tajikistan		TJ	TJK	762	ğŸ‡¹ğŸ‡¯
Tokelau		Union Islands	TK	TKL	772	ğŸ‡¹ğŸ‡°
Timor-Leste	Democratic Republic of Timor-Leste	Timor Leste|East Timor	TL	TLS	626	ğŸ‡¹ğŸ‡±
Turkmenistan		Turkmenia	TM	TKM	795	ğŸ‡¹ğŸ‡²
Tunisia	Republic of Tunisia		TN	TUN	788	ğŸ‡¹ğŸ‡³
Tonga	Kingdom of Tonga	Tonga Islands|Friendly Islands	TO	TON	776	ğŸ‡¹ğŸ‡´
TÃ¼rkiye	Republic of TÃ¼rkiye	Turkey	TR	TUR	792	ğŸ‡¹ğŸ‡·
Trinidad and Tobago	Republic of Trinidad and Tobago		TT	TTO	780	ğŸ‡¹ğŸ‡¹
Tuvalu		Ellice Islands	TV	TUV	798	ğŸ‡¹ğŸ‡»
Taiwan	Republic of China	TÃ¢i-oÃ¢n|TÃ¢i-uÃ¢n|Chinese Taipei|Formosa|ROC	TW	TWN	158	ğŸ‡¹ğŸ‡¼
Tanzania	United Republic of Tanzania	Tanganyika and Zanzibar	TZ	TZA	834	ğŸ‡¹ğŸ‡¿
Ukraine		Ukrainia|UkraÃ¯na|Ukraina	UA	UKR	804	ğŸ‡ºğŸ‡¦
Uganda	Republic of Uganda	Pearl of Africa|Ouganda	UG	UGA	800	ğŸ‡ºğŸ‡¬
United States Minor Outlying Islands		USMOI	UM	UMI	581	ğŸ‡ºğŸ‡²
United States	United States of America	America	US	USA	840	ğŸ‡ºğŸ‡¸
Uruguay	Eastern Republic of Uruguay	Banda Oriental	UY	URY	858	ğŸ‡ºğŸ‡¾
Uzbekistan	Republic of Uzbekistan		UZ	UZB	860	ğŸ‡ºğŸ‡¿
Holy See	Vatican City State	Vatican|Vatican City|The Vatican|Papal State	VA	VAT	336	ğŸ‡»ğŸ‡¦
Saint Vincent and the Grenadines			VC	VCT	670	ğŸ‡»ğŸ‡¨
Venezuela	Bolivarian Republic of Venezuela		VE	VEN	862	ğŸ‡»ğŸ‡ª
British Virgin Islands	British Virgin Islands		VG	VGB	92	ğŸ‡»ğŸ‡¬
U.S. Virgin Islands	Virgin Islands of the United States	US Virgin Islands|American Virgin Islands|United States Virgin Islands|USVI	VI	VIR	850	ğŸ‡»ğŸ‡®
Viet Nam	Socialist Republic of Viet Nam	Vietnam|Viá»‡t Nam	VN	VNM	704	ğŸ‡»ğŸ‡³
Vanuatu	Republic of Vanuatu	New Hebrides	VU	VUT	548	ğŸ‡»ğŸ‡º
Wallis and Futuna			WF	WLF	876	ğŸ‡¼ğŸ‡«
Samoa	Independent State of Samoa	Western Samoa	WS	WSM	882	ğŸ‡¼ğŸ‡¸
Yemen	Republic of Yemen	South Arabia	YE	YEM	887	ğŸ‡¾ğŸ‡ª
Mayotte			YT	MYT	175	ğŸ‡¾ğŸ‡¹
South Africa	Republic of South Africa	Mzansi	ZA	ZAF	710	ğŸ‡¿ğŸ‡¦
Zambia	Republic of Zambia	Northern Rhodesia	ZM	ZMB	894	ğŸ‡¿ğŸ‡²
Zimbabwe	Republic of Zimbabwe	Southern Rhodesia	ZW	ZWE	716	ğŸ‡¿ğŸ‡¼
