#country_code_alpha2,country_code_alpha3,numeric_code,name_short,name_long,flag
AD,AND,020,Andorra,Principality of Andorra,ğŸ‡¦ğŸ‡©
AE,ARE,784,United Arab Emirates,United Arab Emirates,ğŸ‡¦ğŸ‡ª
AF,AFG,004,Afghanistan,Islamic Republic of Afghanistan,ğŸ‡¦ğŸ‡«
AG,ATG,028,Antigua and Barbuda,Antigua and Barbuda,ğŸ‡¦ğŸ‡¬
AI,AIA,660,Anguilla,Anguilla,ğŸ‡¦ğŸ‡®
AL,ALB,008,Albania,Republic of Albania,ğŸ‡¦ğŸ‡±
AM,ARM,051,Armenia,Republic of Armenia,ğŸ‡¦ğŸ‡²
AO,AGO,024,Angola,Republic of Angola,ğŸ‡¦ğŸ‡´
AQ,ATA,010,Antarctica,Antarctica,ğŸ‡¦ğŸ‡¶
AR,ARG,032,Argentina,Argentine Republic,ğŸ‡¦ğŸ‡·
AS,ASM,016,American Samoa,American Samoa,ğŸ‡¦ğŸ‡¸
AT,AUT,040,Austria,Republic of Austria,ğŸ‡¦ğŸ‡¹
AU,AUS,036,Australia,Australia,ğŸ‡¦ğŸ‡º
AW,ABW,533,Aruba,Aruba,ğŸ‡¦ğŸ‡¼
AX,ALA,248,Ã…land Islands,Ã…land Islands,ğŸ‡¦ğŸ‡½
AZ,AZE,031,Azerbaijan,Republic of Azerbaijan,ğŸ‡¦ğŸ‡¿
BA,BIH,070,Bosnia and Herzegovina,Republic of Bosnia and Herzegovina,ğŸ‡§ğŸ‡¦
BB,BRB,052,Barbados,Barbados,ğŸ‡§ğŸ‡§
BD,BGD,050,Bangladesh,People's Republic of Bangladesh,ğŸ‡§ğŸ‡©
BE,BEL,056,Belgium,Kingdom of Belgium,ğŸ‡§ğŸ‡ª
BF,BFA,854,Burkina Faso,Burkina Faso,ğŸ‡§ğŸ‡«
BG,BGR,100,Bulgaria,Republic of Bulgaria,ğŸ‡§ğŸ‡¬
BH,BHR,048,Bahrain,Kingdom of Bahrain,ğŸ‡§ğŸ‡­
BI,BDI,108,Burundi,Republic of Burundi,ğŸ‡§ğŸ‡®
BJ,BEN,204,Benin,Republic of Benin,ğŸ‡§ğŸ‡¯
BL,BLM,652,Saint BarthÃ©lemy,Saint BarthÃ©lemy,ğŸ‡§ğŸ‡±
BM,BMU,060,Bermuda,Bermuda,ğŸ‡§ğŸ‡²
BN,BRN,096,Brunei Darussalam,Brunei Darussalam,ğŸ‡§ğŸ‡³
BO,BOL,068,Bolivia,Plurinational State of Bolivia,ğŸ‡§ğŸ‡´
BQ,BES,535,"Bonaire, Sint Eustatius and Saba","Bonaire, Sint Eustatius and Saba",ğŸ‡§ğŸ‡¶
BR,BRA,076,Brazil,Federative Republic of Brazil,ğŸ‡§ğŸ‡·
BS,BHS,044,Bahamas,Commonwealth of the Bahamas,ğŸ‡§ğŸ‡¸
BT,BTN,064,Bhutan,Kingdom of Bhutan,ğŸ‡§ğŸ‡¹
BV,BVT,074,Bouvet Island,Bouvet Island,ğŸ‡§ğŸ‡»
BW,BWA,072,Botswana,Republic of Botswana,ğŸ‡§ğŸ‡¼
BY,BLR,112,Belarus,Republic of Belarus,ğŸ‡§ğŸ‡¾
BZ,BLZ,084,Belize,Belize,ğŸ‡§ğŸ‡¿
CA,CAN,124,Canada,Canada,ğŸ‡¨ğŸ‡¦
CC,CCK,166,Cocos (Keeling) Islands,Cocos (Keeling) Islands,ğŸ‡¨ğŸ‡¨
CD,COD,180,Democratic Republic of the Congo,Democratic Republic of the Congo,ğŸ‡¨ğŸ‡©
CF,CAF,140,Central African Republic,Central African Republic,ğŸ‡¨ğŸ‡«
CG,COG,178,Republic of the Congo,Republic of the Congo,ğŸ‡¨ğŸ‡¬
CH,CHE,756,Switzerland,Swiss Confederation,ğŸ‡¨ğŸ‡­
CI,CIV,384,CÃ´te d'Ivoire,Republic of CÃ´te d'Ivoire,ğŸ‡¨ğŸ‡®
CK,COK,184,Cook Islands,Cook Islands,ğŸ‡¨ğŸ‡°
CL,CHL,152,Chile,Republic of Chile,ğŸ‡¨ğŸ‡±
CM,CMR,120,Cameroon,Republic of Cameroon,ğŸ‡¨ğŸ‡²
CN,CHN,156,China,People's Republic of China,ğŸ‡¨ğŸ‡³
CO,COL,170,Colombia,Republic of Colombia,ğŸ‡¨ğŸ‡´
CR,CRI,188,Costa Rica,Republic of Costa Rica,ğŸ‡¨ğŸ‡·
CU,CUB,192,Cuba,Republic of Cuba,ğŸ‡¨ğŸ‡º
CV,CPV,132,Cabo Verde,Republic of Cabo Verde,ğŸ‡¨ğŸ‡»
CW,CUW,531,CuraÃ§ao,CuraÃ§ao,ğŸ‡¨ğŸ‡¼
CX,CXR,162,Christmas Island,Christmas Island,ğŸ‡¨ğŸ‡½
CY,CYP,196,Cyprus,Republic of Cyprus,ğŸ‡¨ğŸ‡¾
CZ,CZE,203,Czechia,Czech Republic,ğŸ‡¨ğŸ‡¿
DE,DEU,276,Germany,Federal Republic of Germany,ğŸ‡©ğŸ‡ª
DJ,DJI,262,Djibouti,Republic of Djibouti,ğŸ‡©ğŸ‡¯
DK,DNK,208,Denmark,Kingdom of Denmark,ğŸ‡©ğŸ‡°
DM,DMA,212,Dominica,Commonwealth of Dominica,ğŸ‡©ğŸ‡²
DO,DOM,214,Dominican Republic,Dominican Republic,ğŸ‡©ğŸ‡´
DZ,DZA,012,Algeria,People's Democratic Republic of Algeria,ğŸ‡©ğŸ‡¿
EC,ECU,218,Ecuador,Republic of Ecuador,ğŸ‡ªğŸ‡¨
EE,EST,233,Estonia,Republic of Estonia,ğŸ‡ªğŸ‡ª
EG,EGY,818,Egypt,Arab Republic of Egypt,ğŸ‡ªğŸ‡¬
EH,ESH,732,Western Sahara,Western Sahara,ğŸ‡ªğŸ‡­
ER,ERI,232,Eritrea,the State of Eritrea,ğŸ‡ªğŸ‡·
ES,ESP,724,Spain,Kingdom of Spain,ğŸ‡ªğŸ‡¸
ET,ETH,231,Ethiopia,Federal Democratic Republic of Ethiopia,ğŸ‡ªğŸ‡¹
FI,FIN,246,Finland,Republic of Finland,ğŸ‡«ğŸ‡®
FJ,FJI,242,Fiji,Republic of Fiji,ğŸ‡«ğŸ‡¯
FK,FLK,238,Falkland Islands,Falkland Islands (Malvinas),ğŸ‡«ğŸ‡°
FM,FSM,583,Micronesia,Federated States of Micronesia,ğŸ‡«ğŸ‡²
FO,FRO,234,Faroe Islands,Faroe Islands,ğŸ‡«ğŸ‡´
FR,FRA,250,France,French Republic,ğŸ‡«ğŸ‡·
GA,GAB,266,Gabon,Gabonese Republic,ğŸ‡¬ğŸ‡¦
GB,GBR,826,United Kingdom,United Kingdom of Great Britain and Northern Ireland,ğŸ‡¬ğŸ‡§
GD,GRD,308,Grenada,Grenada,ğŸ‡¬ğŸ‡©
GE,GEO,268,Georgia,Georgia,ğŸ‡¬ğŸ‡ª
GF,GUF,254,French Guiana,French Guiana,ğŸ‡¬ğŸ‡«
GG,GGY,831,Guernsey,Guernsey,ğŸ‡¬ğŸ‡¬
GH,GHA,288,Ghana,Republic of Ghana,ğŸ‡¬ğŸ‡­
GI,GIB,292,Gibraltar,Gibraltar,ğŸ‡¬ğŸ‡®
GL,GRL,304,Greenland,Greenland,ğŸ‡¬ğŸ‡±
GM,GMB,270,Gambia,Republic of the Gambia,ğŸ‡¬ğŸ‡²
GN,GIN,324,Guinea,Republic of Guinea,ğŸ‡¬ğŸ‡³
GP,GLP,312,Guadeloupe,Guadeloupe,ğŸ‡¬ğŸ‡µ
GQ,GNQ,226,Equatorial Guinea,Republic of Equatorial Guinea,ğŸ‡¬ğŸ‡¶
GR,GRC,300,Greece,Hellenic Republic,ğŸ‡¬ğŸ‡·
GS,SGS,239,South Georgia and the South Sandwich Islands,South Georgia and the South Sandwich Islands,ğŸ‡¬ğŸ‡¸
GT,GTM,320,Guatemala,Republic of Guatemala,ğŸ‡¬ğŸ‡¹
GU,GUM,316,Guam,Guam,ğŸ‡¬ğŸ‡º
GW,GNB,624,Guinea-Bissau,Republic of Guinea-Bissau,ğŸ‡¬ğŸ‡¼
GY,GUY,328,Guyana,Republic of Guyana,ğŸ‡¬ğŸ‡¾
HK,HKG,344,Hong Kong,Hong Kong Special Administrative Region of China,ğŸ‡­ğŸ‡°
HM,HMD,334,Heard Island and McDonald Islands,Heard Island and McDonald Islands,ğŸ‡­ğŸ‡²
HN,HND,340,Honduras,Republic of Honduras,ğŸ‡­ğŸ‡³
HR,HRV,191,Croatia,Republic of Croatia,ğŸ‡­ğŸ‡·
HT,HTI,332,Haiti,Republic of Haiti,ğŸ‡­ğŸ‡¹
HU,HUN,348,Hungary,Hungary,ğŸ‡­ğŸ‡º
ID,IDN,360,Indonesia,Republic of Indonesia,ğŸ‡®ğŸ‡©
IE,IRL,372,Ireland,Ireland,ğŸ‡®ğŸ‡ª
IL,ISR,376,Israel,State of Israel,ğŸ‡®ğŸ‡±
IM,IMN,833,Isle of Man,Isle of Man,ğŸ‡®ğŸ‡²
IN,IND,356,India,Republic of India,ğŸ‡®ğŸ‡³
IO,IOT,086,British Indian Ocean Territory,British Indian Ocean Territory,ğŸ‡®ğŸ‡´
IQ,IRQ,368,Iraq,Republic of Iraq,ğŸ‡®ğŸ‡¶
IR,IRN,364,Iran,Islamic Republic of Iran,ğŸ‡®ğŸ‡·
IS,ISL,352,Iceland,Republic of Iceland,ğŸ‡®ğŸ‡¸
IT,ITA,380,Italy,Italian Republic,ğŸ‡®ğŸ‡¹
JE,JEY,832,Jersey,Jersey,ğŸ‡¯ğŸ‡ª
JM,JAM,388,Jamaica,Jamaica,ğŸ‡¯ğŸ‡²
JO,JOR,400,Jordan,Hashemite Kingdom of Jordan,ğŸ‡¯ğŸ‡´
JP,JPN,392,Japan,Japan,ğŸ‡¯ğŸ‡µ
KE,KEN,404,Kenya,Republic of Kenya,ğŸ‡°ğŸ‡ª
KG,KGZ,417,Kyrgyzstan,Kyrgyz Republic,ğŸ‡°ğŸ‡¬
KH,KHM,116,Cambodia,Kingdom of Cambodia,ğŸ‡°ğŸ‡­
KI,KIR,296,Kiribati,Republic of Kiribati,ğŸ‡°ğŸ‡®
KM,COM,174,Comoros,Union of the Comoros,ğŸ‡°ğŸ‡²
KN,KNA,659,Saint Kitts and Nevis,Saint Kitts and Nevis,ğŸ‡°ğŸ‡³
KP,PRK,408,North Korea,Democratic People's Republic of Korea,ğŸ‡°ğŸ‡µ
KR,KOR,410,South Korea,Republic of Korea,ğŸ‡°ğŸ‡·
KW,KWT,414,Kuwait,State of Kuwait,ğŸ‡°ğŸ‡¼
KY,CYM,136,Cayman Islands,Cayman Islands,ğŸ‡°ğŸ‡¾
KZ,KAZ,398,Kazakhstan,Republic of Kazakhstan,ğŸ‡°ğŸ‡¿
LA,LAO,418,Laos,Lao People's Democratic Republic,ğŸ‡±ğŸ‡¦
LB,LBN,422,Lebanon,Lebanese Republic,ğŸ‡±ğŸ‡§
LC,LCA,662,Saint Lucia,Saint Lucia,ğŸ‡±ğŸ‡¨
LI,LIE,438,Liechtenstein,Principality of Liechtenstein,ğŸ‡±ğŸ‡®
LK,LKA,144,Sri Lanka,Democratic Socialist Republic of Sri Lanka,ğŸ‡±ğŸ‡°
LR,LBR,430,Liberia,Republic of Liberia,ğŸ‡±ğŸ‡·
LS,LSO,426,Lesotho,Kingdom of Lesotho,ğŸ‡±ğŸ‡¸
LT,LTU,440,Lithuania,Republic of Lithuania,ğŸ‡±ğŸ‡¹
LU,LUX,442,Luxembourg,Grand Duchy of Luxembourg,ğŸ‡±ğŸ‡º
LV,LVA,428,Latvia,Republic of Latvia,ğŸ‡±ğŸ‡»
LY,LBY,434,Libya,Libya,ğŸ‡±ğŸ‡¾
MA,MAR,504,Morocco,Kingdom of Morocco,ğŸ‡²ğŸ‡¦
MC,MCO,492,Monaco,Principality of Monaco,ğŸ‡²ğŸ‡¨
MD,MDA,498,Moldova,Republic of Moldova,ğŸ‡²ğŸ‡©
ME,MNE,499,Montenegro,Montenegro,ğŸ‡²ğŸ‡ª
MF,MAF,663,Saint Martin,Collectivity of Saint Martin,ğŸ‡²ğŸ‡«
MG,MDG,450,Madagascar,Republic of Madagascar,ğŸ‡²ğŸ‡¬
MH,MHL,584,Marshall Islands,Republic of the Marshall Islands,ğŸ‡²ğŸ‡­
MK,MKD,807,North Macedonia,Republic of North Macedonia,ğŸ‡²ğŸ‡°
ML,MLI,466,Mali,Republic of Mali,ğŸ‡²ğŸ‡±
MM,MMR,104,Myanmar,Republic of Myanmar,ğŸ‡²ğŸ‡²
MN,MNG,496,Mongolia,Mongolia,ğŸ‡²ğŸ‡³
MO,MAC,446,Macao,Macao Special Administrative Region of China,ğŸ‡²ğŸ‡´
MP,MNP,580,Northern Mariana Islands,Commonwealth of the Northern Mariana Islands,ğŸ‡²ğŸ‡µ
MQ,MTQ,474,Martinique,Martinique,ğŸ‡²ğŸ‡¶
MR,MRT,478,Mauritania,Islamic Republic of Mauritania,ğŸ‡²ğŸ‡·
MS,MSR,500,Montserrat,Montserrat,ğŸ‡²ğŸ‡¸
MT,MLT,470,Malta,Republic of Malta,ğŸ‡²ğŸ‡¹
MU,MUS,480,Mauritius,Republic of Mauritius,ğŸ‡²ğŸ‡º
MV,MDV,462,Maldives,Republic of Maldives,ğŸ‡²ğŸ‡»
MW,MWI,454,Malawi,Republic of Malawi,ğŸ‡²ğŸ‡¼
MX,MEX,484,Mexico,United Mexican States,ğŸ‡²ğŸ‡½
MY,MYS,458,Malaysia,Malaysia,ğŸ‡²ğŸ‡¾
MZ,MOZ,508,Mozambique,Republic of Mozambique,ğŸ‡²ğŸ‡¿
NA,NAM,516,Namibia,Republic of Namibia,ğŸ‡³ğŸ‡¦
NC,NCL,540,New Caledonia,New Caledonia,ğŸ‡³ğŸ‡¨
NE,NER,562,Niger,Republic of the Niger,ğŸ‡³ğŸ‡ª
NF,NFK,574,Norfolk Island,Norfolk Island,ğŸ‡³ğŸ‡«
NG,NGA,566,Nigeria,Federal Republic of Nigeria,ğŸ‡³ğŸ‡¬
NI,NIC,558,Nicaragua,Republic of Nicaragua,ğŸ‡³ğŸ‡®
NL,NLD,528,Netherlands,Kingdom of the Netherlands,ğŸ‡³ğŸ‡±
NO,NOR,578,Norway,Kingdom of Norway,ğŸ‡³ğŸ‡´
NP,NPL,524,Nepal,Federal Democratic Republic of Nepal,ğŸ‡³ğŸ‡µ
NR,NRU,520,Nauru,Republic of Nauru,ğŸ‡³ğŸ‡·
NU,NIU,570,Niue,Niue,ğŸ‡³ğŸ‡º
NZ,NZL,554,New Zealand,New Zealand,ğŸ‡³ğŸ‡¿
OM,OMN,512,Oman,Sultanate of Oman,ğŸ‡´ğŸ‡²
PA,PAN,591,Panama,Republic of Panama,ğŸ‡µğŸ‡¦
PE,PER,604,Peru,Republic of Peru,ğŸ‡µğŸ‡ª
PF,PYF,258,French Polynesia,French Polynesia,ğŸ‡µğŸ‡«
PG,PNG,598,Papua New Guinea,Independent State of Papua New Guinea,ğŸ‡µğŸ‡¬
PH,PHL,608,Philippines,Republic of the Philippines,ğŸ‡µğŸ‡­
PK,PAK,586,Pakistan,Islamic Republic of Pakistan,ğŸ‡µğŸ‡°
PL,POL,616,Poland,Republic of Poland,ğŸ‡µğŸ‡±
PM,SPM,666,Saint Pierre and Miquelon,Saint Pierre and Miquelon,ğŸ‡µğŸ‡²
PN,PCN,612,Pitcairn,Pitcairn,ğŸ‡µğŸ‡³
PR,PRI,630,Puerto Rico,Puerto Rico,ğŸ‡µğŸ‡·
PS,PSE,275,Palestine,the State of Palestine,ğŸ‡µğŸ‡¸
PT,PRT,620,Portugal,Portuguese Republic,ğŸ‡µğŸ‡¹
PW,PLW,585,Palau,Republic of Palau,ğŸ‡µğŸ‡¼
PY,PRY,600,Paraguay,Republic of Paraguay,ğŸ‡µğŸ‡¾
QA,QAT,634,Qatar,State of Qatar,ğŸ‡¶ğŸ‡¦
RE,REU,638,RÃ©union,RÃ©union,ğŸ‡·ğŸ‡ª
RO,ROU,642,Romania,Romania,ğŸ‡·ğŸ‡´
RS,SRB,688,Serbia,Republic of Serbia,ğŸ‡·ğŸ‡¸
RU,RUS,643,Russian Federation,Russian Federation,ğŸ‡·ğŸ‡º
RW,RWA,646,Rwanda,Rwandese Republic,ğŸ‡·ğŸ‡¼
SA,SAU,682,Saudi Arabia,Kingdom of Saudi Arabia,ğŸ‡¸ğŸ‡¦
SB,SLB,090,Solomon Islands,Solomon Islands,ğŸ‡¸ğŸ‡§
SC,SYC,690,Seychelles,Republic of Seychelles,ğŸ‡¸ğŸ‡¨
SD,SDN,729,Sudan,Republic of the Sudan,ğŸ‡¸ğŸ‡©
SE,SWE,752,Sweden,Kingdom of Sweden,ğŸ‡¸ğŸ‡ª
SG,SGP,702,Singapore,Republic of Singapore,ğŸ‡¸ğŸ‡¬
SH,SHN,654,Saint Helena,"Saint Helena, Ascension and Tristan da Cunha",ğŸ‡¸ğŸ‡­
SI,SVN,705,Slovenia,Republic of Slovenia,ğŸ‡¸ğŸ‡®
SJ,SJM,744,Svalbard and Jan Mayen,Svalbard and Jan Mayen,ğŸ‡¸ğŸ‡¯
SK,SVK,703,Slovakia,Slovak Republic,ğŸ‡¸ğŸ‡°
SL,SLE,694,Sierra Leone,Republic of Sierra Leone,ğŸ‡¸ğŸ‡±
SM,SMR,674,San Marino,Republic of San Marino,ğŸ‡¸ğŸ‡²
SN,SEN,686,Senegal,Republic of Senegal,ğŸ‡¸ğŸ‡³
SO,SOM,706,Somalia,Federal Republic of Somalia,ğŸ‡¸ğŸ‡´
SR,SUR,740,Suriname,Republic of Suriname,ğŸ‡¸ğŸ‡·
SS,SSD,728,South Sudan,Republic of South Sudan,ğŸ‡¸ğŸ‡¸
ST,STP,678,Sao Tome and Principe,Democratic Republic of Sao Tome and Principe,ğŸ‡¸ğŸ‡¹
SV,SLV,222,El Salvador,Republic of El Salvador,ğŸ‡¸ğŸ‡»
SX,SXM,534,Sint Maarten,Country of Sint Maarten,ğŸ‡¸ğŸ‡½
SY,SYR,760,Syria,Syrian Arab Republic,ğŸ‡¸ğŸ‡¾
SZ,SWZ,748,Eswatini,Kingdom of Eswatini,ğŸ‡¸ğŸ‡¿
TC,TCA,796,Turks and Caicos Islands,Turks and Caicos Islands,ğŸ‡¹ğŸ‡¨
TD,TCD,148,Chad,Republic of Chad,ğŸ‡¹ğŸ‡©
TF,ATF,260,French Southern Territories,French Southern Territories,ğŸ‡¹ğŸ‡«
TG,TGO,768,Togo,Togolese Republic,ğŸ‡¹ğŸ‡¬
TH,THA,764,Thailand,Kingdom of Thailand,ğŸ‡¹ğŸ‡­
TJ,TJK,762,Tajikistan,Republic of Tajikistan,ğŸ‡¹ğŸ‡¯
TK,TKL,772,Tokelau,Tokelau,ğŸ‡¹ğŸ‡°
TL,TLS,626,Timor-Leste,Democratic Republic of Timor-Leste,ğŸ‡¹ğŸ‡±
TM,TKM,795,Turkmenistan,Turkmenistan,ğŸ‡¹ğŸ‡²
TN,TUN,788,Tunisia,Republic of Tunisia,ğŸ‡¹ğŸ‡³
TO,TON,776,Tonga,Kingdom of Tonga,ğŸ‡¹ğŸ‡´
TR,TUR,792,TÃ¼rkiye,Republic of TÃ¼rkiye,ğŸ‡¹ğŸ‡·
TT,TTO,780,Trinidad and Tobago,Republic of Trinidad and Tobago,ğŸ‡¹ğŸ‡¹
TV,TUV,798,Tuvalu,Tuvalu,ğŸ‡¹ğŸ‡»
TW,TWN,158,Taiwan,Republic of China,ğŸ‡¹ğŸ‡¼
TZ,TZA,834,Tanzania,United Republic of Tanzania,ğŸ‡¹ğŸ‡¿
UA,UKR,804,Ukraine,Ukraine,ğŸ‡ºğŸ‡¦
UG,UGA,800,Uganda,Republic of Uganda,ğŸ‡ºğŸ‡¬
UM,UMI,581,United States Minor Outlying Islands,United States Minor Outlying Islands,ğŸ‡ºğŸ‡²
US,USA,840,United States,United States of America,ğŸ‡ºğŸ‡¸
UY,URY,858,Uruguay,Eastern Republic of Uruguay,ğŸ‡ºğŸ‡¾
UZ,UZB,860,Uzbekistan,Republic of Uzbekistan,ğŸ‡ºğŸ‡¿
VA,VAT,336,Holy See,Vatican City State,ğŸ‡»ğŸ‡¦
VC,VCT,670,Saint Vincent and the Grenadines,Saint Vincent and the Grenadines,ğŸ‡»ğŸ‡¨
VE,VEN,862,Venezuela,Bolivarian Republic of Venezuela,ğŸ‡»ğŸ‡ª
VG,VGB,092,British Virgin Islands,British Virgin Islands,ğŸ‡»ğŸ‡¬
VI,VIR,850,U.S. Virgin Islands,Virgin Islands of the United States,ğŸ‡»ğŸ‡®
VN,VNM,704,Viet Nam,Socialist Republic of Viet Nam,ğŸ‡»ğŸ‡³
VU,VUT,548,Vanuatu,Republic of Vanuatu,ğŸ‡»ğŸ‡º
WF,WLF,876,Wallis and Futuna,Wallis and Futuna,ğŸ‡¼ğŸ‡«
WS,WSM,882,Samoa,Independent State of Samoa,ğŸ‡¼ğŸ‡¸
YE,YEM,887,Yemen,Republic of Yemen,ğŸ‡¾ğŸ‡ª
YT,MYT,175,Mayotte,Mayotte,ğŸ‡¾ğŸ‡¹
ZA,ZAF,710,South Africa,Republic of South Africa,ğŸ‡¿ğŸ‡¦
ZM,ZMB,894,Zambia,Republic of Zambia,ğŸ‡¿ğŸ‡²
ZW,ZWE,716,Zimbabwe,Republic of Zimbabwe,ğŸ‡¿ğŸ‡¼
